,CR Lhx5,Meis2 Adamts19,L5 PT VISp Chrna6,L5 PT ALM Slco2a1,L5 PT ALM Npsr1,L5 PT ALM Hpgd,L5 PT VISp Krt80,L5 PT VISp C1ql2 Cdh13,L5 PT VISp C1ql2 Ptgfr,L5 PT VISp Lgr5,L6 IT VISp Car3,L6 IT VISp Col23a1 Adamts2,L6 IT VISp Col18a1,L6 IT VISp Penk Col27a1,L6 IT VISp Penk Fst,L5 IT VISp Whrn Tox2,L5 IT VISp Hsd11b1 Endou,L5 IT VISp Col27a1,L5 IT VISp Batf3,L5 IT VISp Col6a1 Fezf2,L6 IT ALM Tgfb1,L6 IT ALM Oprk1,L5 IT ALM Gkn1 Pcdh19,L5 IT ALM Cpa6 Gpr88,L5 IT ALM Tmem163 Arhgap25,L5 IT ALM Tnc,L5 IT ALM Tmem163 Dmrtb1,L5 IT ALM Pld5,L5 IT ALM Lypd1 Gpr88,L5 IT ALM Cbln4 Fezf2,L4 IT VISp Rspo1,L2/3 IT VISp Rrad,L2/3 IT VISp Agmat,L2/3 IT VISp Adamts2,L2/3 IT ALM Sla,L2/3 IT ALM Ptrf,L5 IT ALM Npw,L2/3 IT ALM Macc1 Lrg1,L6 NP ALM Trh,L5 NP VISp Trhr Cpne7,L5 NP ALM Trhr Nefl,L5 NP VISp Trhr Met,L6 CT VISp Nxph2 Wls,L6 CT ALM Nxph2 Sla,L6 CT ALM Cpa6,L6 CT VISp Krt80 Sla,L6 CT VISp Gpr139,L6 CT VISp Ctxn3 Sla,L6 CT VISp Ctxn3 Brinp3,L6b VISp Col8a1 Rprm,L6b VISp Crh,L6b ALM Olfr111 Spon1,L6b VISp Mup5,L6b VISp Col8a1 Rxfp1,L6b Hsd17b2,L6b ALM Olfr111 Nxph1,L6b P2ry12,Vip Igfbp6 Pltp,Vip Igfbp6 Car10,Vip Igfbp4 Mab21l1,Vip Lect1 Oxtr,Vip Rspo1 Itga4,Vip Rspo4 Rxfp1 Chat,Vip Lmo1 Myl1,Vip Lmo1 Fam159b,Vip Pygm C1ql1,Vip Ptprt Pkp2,Vip Arhgap36 Hmcn1,Vip Gpc3 Slc18a3,Serpinf1 Aqp5 Vip,Vip Col15a1 Pde1a,Vip Crispld2 Kcne4,Vip Crispld2 Htr2c,Vip Chat Htr1f,Lamp5 Ntn1 Npy2r,Lamp5 Fam19a1 Pax6,Lamp5 Fam19a1 Tmem182,Lamp5 Lhx6,Lamp5 Lsp1,Lamp5 Plch2 Dock5,Lamp5 Krt73,Serpinf1 Clrn1,Sncg Slc17a8,Sncg Gpr50,Sncg Vip Itih5,Sncg Vip Nptx2,Sst Chodl,Pvalb Th Sst,Pvalb Calb1 Sst,Pvalb Reln Tac1,Pvalb Tpbg,Pvalb Reln Itm2a,Pvalb Gpr149 Islr,Pvalb Sema3e Kank4,Pvalb Akr1c18 Ntf3,Pvalb Gabrg1,Pvalb Vipr2,Sst Tac1 Tacr3,Sst Nts,Sst Chrna2 Glra3,Sst Myh8 Fibin,Sst Tac2 Tacstd2,Sst Rxfp1 Prdm8,Sst Rxfp1 Eya1,Sst Tac1 Htr1d,Sst Mme Fam114a1,Sst Tac2 Myh4,Sst Chrna2 Ptgdr,Sst Hpse Sema3c,Sst Hpse Cbln4,Sst Esm1,Sst Crhr2 Efemp1,Sst Crh 4930553C11Rik ,Sst Calb2 Pdlim5,Sst Calb2 Necab1,Sst Myh8 Etv1 ,Sst Nr2f2 Necab1,Oligo Serpinb1a,Oligo Rassf10,Oligo Synpr,Astro Aqp4,OPC Pdgfra Grm5,OPC Pdgfra Ccnb1,Microglia Siglech,PVM Mrc1,Endo Ctla2a,Endo Cytl1,VLMC Osr1 Cd74,Peri Kcnj8,SMC Acta2,VLMC Spp1 Hs3st6,VLMC Osr1 Mc5r,VLMC Spp1 Col15a1
RORB,0,0,1.59454854955035,0.918386234446348,0,0,0,0,0,0,0,0,0,0,0,7.55808271646353,8.40832974076739,3.45154083301783,7.76844901518055,7.27835652801072,0,0,3.80373247950171,6.83342951862813,5.5104451528699,7.07471840731431,6.60198988130781,8.19278551354181,7.91036763685726,7.90219420094376,9.43130947059556,0,0,0,0,0,5.47046773695226,0.27500704749987,6.06759569694004,0,0,0,0,0,0.411426245726465,0,0,0,0,0,0,0,0,0,0,0,0,0,0,0,0,0,0,0,0,0,0,0,0,0,0,0,0,0.613531652917927,0,0,0,0,0,0,0,0,0,0,0,0,0,0,0,0,0,0,0,0,0,0,0,0,0,0,0,0,0,0,0,0,0,0,0,0,0,0,0,0,0,0,0,0,0,0,9.99607798214008,0.495695162624069,0.297274274775177,0,0,0,0,0,0,0,0,0,0
PLD4,0,0,0,0,0,0,0,0,0,0,0,0,0,0,0,0,0,0,0,0,0,0,0,0,0,0,0,0,0,0,0,0,0,0,0,0,0,0,0,0,0,0,0,0,0,0,0,0,0,0,0,0,0,0,0,0,0,0,0,0,0,0,0,0,0,0,0,0,0,0,0,0,0,0,0,0,0,0,0,0,0,0,0,0,0,0,0,0,0,0,0,0,0,0,0,0,0,0,0,0,0,0,0,0,0,0,0,0,0,0,0,0,0,0,0,0,0,0,0,0,0,0,0,9.42268420637821,9.26952010945213,0,0,0,0,0,0,0,0
IQGAP2,0,0,0,6.17652224654896,6.75328361646088,6.5482039039731,6.80290085201948,6.57606857908809,6.10987824625552,6.70210316708897,0,1.06645290600575,0,4.09592441999854,4.67099798669806,6.23527903244572,1.79493566280354,1.28688114778816,7.35499863931907,4.59454854955035,5.48811636544164,5.60656201536759,5.77807448849602,6.12028346098832,5.40530489507332,3.36806564745391,4.21023299009585,0,1.0598440872596,0,0,5.87425686483559,5.01301553583926,6.08102342681769,5.30451104180995,3.92787652400815,0.966030585671712,5.61735726159132,0,0,0,0,6.31697813619716,6.3657894524432,5.84498815668261,4.87960380490019,0.485426827170242,6.37616303700634,6.42063061599993,0,0,0,0,0,0,0,0,0,0,0,0,0,0,0,0,0,0,0,0,0,0,0,0,0,0.505890929729957,0,0,1.03862149946623,0.687060688339892,4.02501137558214,1.49302340111308,0,0,0,0,0,0,4.55581615506164,6.38899424941799,7.03831457670264,6.59163061542421,7.04483123344781,6.23056998236872,6.99921081033579,5.66081632514307,0,0,5.8040019151793,0,4.93640237772506,1.48542682717024,0.494787510290454,0,0,6.02579294121556,6.48639259427596,4.61470984411521,5.05093696522523,5.63333272613983,5.80193464627335,3.40735275114004,6.1126847073309,5.20867331962947,5.67623913301512,6.09840641472013,5.93616677797915,5.59245703726808,0,0,0,0,0,1.23624388573137,0,5.54495842421726,0,0,0,0,0,0,0,0
NEUROD6,0,0,0,7.75033852024471,7.06156020910797,5.08252383527297,3.20080158162041,0,0,0,8.93307095959179,8.94725702461049,8.48294570941229,8.85816753846006,8.42170488250281,8.56751804689781,8.43962313755712,9.49689371303021,8.59424994765735,9.35082871062169,9.38199444667115,9.26053118635441,9.61483838007781,9.47548982904167,9.49295126410564,9.50548408085882,9.26118914044548,9.47139069394157,9.42745350233431,9.75842311243033,8.44776391656064,0,6.45762712179055,2.20613672233541,7.48026512205446,7.77415946052993,9.45993785481694,8.28132732965948,9.29273574418819,8.88792122644128,9.23945424541488,8.73287964358681,7.44918389982202,8.35798770680188,8.83967620911548,8.45052796972429,8.40917875950067,7.9037569867689,7.53258298196969,8.70411114053241,0,7.77599939790363,8.6309403167654,8.53814830625965,8.69551675980133,5.68425770505893,0,0,0,0,0,0,0,0,0,0,0,0,0,0,0,0,0,0,0,0,0,0,0,0,0,0,0,0,0,0,0,0,0,0,0,0,0,0,0,0,0,0,0,0,0,0,0,0,0,0,0,0,0,0,0,0,0,0,0,0,0,0,0,0,0,0,0.205713122863233,0,0,0,0,0,0,0,0,0,0
FEZF2,0,0,7.78992483126367,7.30933992232737,7.44675248456655,7.78832542825356,8.04551395686155,8.37508288536241,8.32424679755559,7.95746791503184,0,0,0,0,0,6.56277631576694,5.61529857909211,0,6.73457414954252,4.35120427725799,4.50745211699024,0,5.36577789165676,6.01111488967584,6.25910059889531,5.38905047758394,5.82920683900235,0,5.7858119805605,5.42054977211632,0,0,0,0,0,0,0,0,8.21198560627522,8.41273919211642,8.38558102279939,8.45673977141935,7.74559704189636,6.48155366728145,5.90977310414164,6.93492777206178,5.88971689161508,7.08767495159737,6.92552472581307,6.70099449416827,4.54689891556504,6.39786006992219,6.24515379161525,6.57698771833236,6.34221707349859,6.3566720442121,6.39437694495706,0,0,0,0,0,0,0,0,0,0,0,0,0,0,0,0,0,0,0,0,0,0,0,0,0,0,0,0,0,0,0,0,0,0,0,0,0,0,0,0,0,0,0,0,0,0,0,0,0,0,0,0,0,0,0,0,0,0,0,0,0,0,0,0,0,0,0,0,0,0,0,0,0,0,0,0
CBLN2,0,0,0,0,7.1814007617393,5.19554412347978,0,0,1.74879340983163,5.77981377829535,5.40871186102943,0,2.22032995487956,5.05398016818765,2.14727361694776,1.97445458128985,0.55581615506164,7.0532199690443,0,5.07510472220949,5.91324369695005,6.77313395920065,2.69114686794108,4.5099037666433,0,0,0,6.3293030136586,0,3.7771566660045,3.8728284234342,5.44504973752274,5.97750890454014,3.45875048817858,4.63226821549951,5.96659093017606,5.69842096438389,6.41396635150775,8.0601554952546,7.06177619758669,6.70024329493428,1.23832045433476,5.16916769008659,6.30080566557872,4.54163873443614,0,0,0,0,0,3.94066222973079,0,0,0,0,0,0,0,6.87939361493821,7.06538698519831,8.43053618373656,7.84278916292887,7.61021282228273,9.04734207256218,6.75502416428738,5.81787792104833,7.29805755156618,0,0,6.40955809966306,8.09465834265454,8.80729051459132,8.56126311526859,7.32255913593758,0,3.48084175824538,4.74362267606765,0.770435207009474,0,0,6.31949684825173,2.67129337248158,6.12035615482789,1.74600348779698,7.18214396660669,5.61235249875266,2.52606881166759,0,0,0,0,0,0,0,0,0,0,0,0,0,0,0,0,0,0,0,0,0,0,0,0,0,0,0,0,0,0,0,0,0,0,0,0,0,0,0,0,0,0,0,0,0,0
NELL1,0,0.594516912195008,5.50239425611126,7.17312743348066,6.81877388501431,6.78482445898485,5.6913113648849,0,0,7.60212860847292,7.23246889628851,0,0.570454753270831,0,0.232334133501722,3.1049703401451,0.632268215499513,0,7.17112674665207,6.22515922577737,7.38797421339348,6.50541446951213,7.37002475406497,7.19957334428713,6.76266283985745,6.78901189671875,6.71403331541479,6.99208860456269,6.94514133582283,7.32571020751578,7.73842458156631,0,5.00135189299996,0,4.09169983413681,6.90111983697372,5.7191240704909,4.91312876781974,2.68257329734758,0,0,0,0,0.570454753270831,4.66049513188851,0,0,0,0,0,0,0,0,0,0,0,0,7.55872682297507,5.78388002187492,5.45313065404694,0.475084882948783,2.29965889684911,6.70099449416827,6.03804103701151,6.83447093783196,5.339849826973,7.28789503586933,5.72819263549805,6.39143681288011,0,6.78764141448333,0,0.599309936609608,5.05224198118114,0.584962500721156,0.646096386950946,3.38681094647222,0,0,0,0,0,0,9.19090473569252,5.87372726882934,7.09201710754077,7.538227739736,3.48413813120167,1.20190653080829,4.42557795781905,0,3.3533232911629,4.75353378033384,0.545968369105293,4.3634797927866,7.82215652440896,0,0,7.21790994360759,0.604071323668861,0,0,4.06263982828646,0,0,0,0.53605290024021,7.29296575471765,7.80493185566836,6.35860724911781,6.23304440126558,2.97574727312914,0,7.99996273411179,6.07102505720497,0,0,0,0.516015147003665,0,0,0,0.458658587728211,0,0,0,0,0,0,0,0,0,0
CDH9,0,0,0,3.18428029441938,0,0,0,0,0,0,7.09127669436522,6.96883309598194,5.82348886642835,7.40292678058163,7.46576171825036,0,0,4.93404464711225,0,0,7.56701306110568,7.95963427703665,4.89284065973738,0,0,0,0,0,0,0,0,0,0,0,5.17672169288105,4.95501274985074,0,0,0,0,0,0,0,6.72756177171141,6.99435343685886,3.9276859182413,5.41987593042219,4.49667414606379,5.09254351090262,0,0,0,0,0,5.13435824663696,0,0,0,0,0,0,0,0,0,0,0,0,0.505890929729957,0,4.30396251270948,7.84949893172018,0,0,0,6.35579154675365,6.37625297324691,6.61853233397629,1.90850460703563,0,6.0782123400949,6.17521395316469,0,0,7.78699304790962,7.34575164129792,8.49629456229237,0,6.0524593691181,7.01880552853276,4.74171241323976,5.45433358604559,0.622930350920177,0,6.63807383718072,0,0,6.95745033634712,6.80348537559595,8.88327898165017,0,0,8.39461584141089,5.28429202639431,0,6.5248933275723,7.4846215270986,9.52745745721466,8.96834999902592,9.52182194742713,8.11556391523799,8.5158575012579,9.02644012217508,8.41641754324987,7.30451099562392,6.82265953098859,0,4.68481873755322,0,0,0,0,0,0,0,0,0,0,0,0,0,0,0,0
STXBP6,0,7.7066505156981,0,5.59036248846375,0,8.24482022261811,8.04630521817257,8.09750545581802,3.16337921900951,7.32501302660585,0,0,0,0,0,5.78337048144022,2.03913839390696,0,7.81941272620656,7.29838338558924,7.24388157813629,4.57194106973399,7.59327821140737,7.01908061057158,6.66177437547285,6.3797249188483,4.13010717865883,0.66441823211477,1.77188403218031,4.69655030107857,6.93893211976214,7.22641214132155,7.55589282686783,7.57391200616243,7.32858517678881,7.7742611043605,5.20178959371905,6.57561487761963,0,0,0,7.65984898591186,0,0,0,0,0,0,0,0,0,0,0,0,0,0,0,5.89384755813292,1.44951045478971,0,0,0,0,0,0,0,0,0,0,6.55634342098216,0,0,0,0,0,0,0,0,0,0,0,0,0,7.40793106492437,6.3571561203844,4.94392132655349,7.51947900230724,6.15583017155653,7.75272635107817,0,7.32071014835309,0,4.49274879203803,4.89287670006069,0,0,0,8.11009175192513,6.38777612952818,6.9469647411558,7.43887500263395,8.31670849545483,7.82158267270679,6.87713072876566,8.21553297933576,7.8720284080717,8.13499096577615,7.15147325657903,7.80169801310383,7.79869859664396,8.16621330614235,7.45438722453328,7.53613062956007,8.15539919445413,8.16208913037777,8.08613622502731,8.67231925755357,6.79701297783614,5.32912359629157,7.62833617186991,0.545968369105293,0,6.98562882248329,0,0,0,6.7209624338807,0,0,0,0,0,0
THSD7A,0,0,3.15218341905505,0,0,0.53605290024021,0,0,0,0,0,0,0,0,0,6.41244964488491,6.73944309777245,0,0,0,0,0,0,1.3044637457606,5.27758683845011,4.42693499602278,6.38560358773147,1.04613755256655,6.74838907311828,1.78659636189081,6.43770681523549,0,0,0,3.81966818349646,0,0,0,0,0,0,0,0,0,0,0,0,0,0,0,0,0,0,0,0,0,0,9.67346809013384,8.70958043331771,8.76962406875661,8.50775500517511,7.64322395104439,0.575312330687437,1.23266075679027,0,7.93440813595078,0,1.02856915219677,0,4.17342482902988,8.55531768897566,8.1258267169442,7.85107999406059,5.72628628972067,0.526068811667588,2.20248561179458,0,3.30974318802777,2.47508488294878,0,0,0,3.19070225751685,8.49542154404735,6.25519579007756,8.8193807908646,0,0,5.66221472596729,3.9126470024468,8.29208570401222,4.64154602908752,1.49927829156517,0.584962500721156,0,0,9.51386574071013,9.20023655398531,0,6.18883607303053,5.2861418728343,0.555515656194372,0.594548549550354,4.46008724011683,8.95068606834246,7.72212443691394,4.17871464117544,4.26228280642066,0.766482607966801,7.28419947178059,4.94438996227009,5.55921532750984,2.26002565596146,9.03898039127058,9.42612079070791,6.72832870671163,7.51119918513449,0,5.07638806851284,0.903038270112912,0,6.6908070283889,7.85233535333058,0,0,0,0,0.61325426490434,0,0,0,0,0
CPNE7,0,1.16799883869451,7.54820540503998,0,0,0,0,5.71121955689433,5.69295308841117,6.7310818221479,4.8972404255748,6.06983348400345,6.38628680031278,0,6.14536719972504,5.70027718322266,6.05093696522523,0.978195629681652,3.21412480535285,4.55887985347544,3.69431003836401,0,5.01944482069753,3.95443466847565,4.76572075328691,4.03077740449084,4.64327610860642,0,0,0,0,4.47913250885285,0,2.02972523094455,0,0,0,0,4.60999129521268,6.41903318547102,0,0,0,0,0,0,0,0,0,0,6.68123606764417,0,1.4315331141363,3.14442750154113,0,0,6.44757919654888,7.38646609286931,8.05711066098189,7.39461385104545,7.36027647597497,7.93421786667698,8.04859585533707,7.75508786256111,8.08191339437069,7.74089324007039,8.19752460809924,7.62986657364294,8.10473660584397,8.22452115327521,7.03639343504986,0,6.89244207345465,8.29011102897418,7.92237627095138,8.1983798924893,7.93245099793295,5.3086816155871,7.73057203082246,7.24696860253127,8.13611642172622,7.3527055668799,0,1.92059912099225,5.76411166473745,6.44675248456655,0,0,0,0,0,0,0,0,0,0,0,0,6.00902824671133,0,0,0,0,0,0,0,0,0,0,0,6.20867331962947,0,1.8073549220576,0,0,2.08065766334523,0,0,0,0,0,0,0.297274274775177,0,0,0,0,0,0,0,0,0,0
S100A10,0,6.77468399614724,6.45647762935182,7.36474750602229,3.81249822533356,3.31360350339906,3.70487154023797,0,0,0,5.46793154602629,0,0,0,0,8.38925196756977,8.1264979900833,6.38887833881199,8.01597250797357,7.62109947293531,7.20808523337184,6.85404730775154,7.44205831347689,8.01619403508625,8.02262280058492,7.70614263772925,7.73582676467711,7.74543888048577,8.21907105511986,7.9953149130963,7.92715561133024,4.88992048485087,5.4715126480455,4.96039153436599,5.11811050560737,6.33332361372208,5.69907597938481,4.92742242873987,4.68369645430652,0,5.56177755549515,5.30428746676118,0,6.04776995027535,5.58436125251871,5.94016627213042,4.34269695998193,3.66715452246349,0,6.46907195208039,0,0.510881987145828,4.01564741703788,0.49048790633937,7.6755011593927,0,0,0,0,0,0,0,0,0,0,0,0,5.23916887866545,5.52101553494818,0,5.27686882997646,0,0,0,0,6.334188026035,4.79701297783614,0,0,0,3.80167371085437,0,7.57510070717965,7.08443482239092,7.15268935598323,5.45187047886432,8.74627917123548,0,0,0,0,0,0,0,0,0,0,0,6.45340917316843,0,0,1.11927115713958,0,0,0,0,6.38560359805024,7.05082816059145,4.19469714703984,4.14893410452634,6.25606712524133,4.27127993481187,0,0,0,0,0,0,0,0,0,0,0,0,0,0,1.29278174922785,9.48814419486089,0,0,8.00405188450708,8.66491306610347,7.31388069825135
NR2F2,7.1091403883096,0,0,0,0,0,0,0,0,0,7.03177011416067,0,0,0,0,0,0,0,0,0,0,0,0,0,0,0,0,0,0,0,0,0,0,0,0,0,0,0,0,0,0,0,0,0,0,0,0,0,0,0,0,0,0,0,0,0,0,8.0360636887437,8.06003038507312,7.0958794592644,7.31279221689375,6.92682698373945,4.76712507726907,5.48188013962029,4.36142271671447,5.86640735604889,5.10577942281004,3.5197934862411,2.2270879465929,4.24434024518358,7.39600531746942,7.13555539042546,7.09761070048798,4.52042224852645,7.83061027435791,7.86341664070238,8.20310325023664,0,4.65935375917005,6.57780170238459,6.58500608081738,5.39848719001897,5.59035872838055,8.20525562996699,6.11044488548987,8.24017119772579,0,0,0,0,0,0,0,0,0,0,0,0,3.36672055832656,7.04001567884788,7.19229281447077,0,0,0,0,0,6.57606857908809,6.36422222109353,0,0,6.34482849699744,0,0,0,0,6.50541460934675,6.3467796432283,0,0,0,0,0,0,0,0,0,0,6.2997470511995,7.35638966052013,7.95448606138642,4.56498780095989,7.96068103391983,8.4168651936899
PARM1,0,0,6.6207330183521,6.76420813013995,6.8903250848035,6.72246286774079,7.53153552262897,7.13903966768306,7.380936821041,7.18705709764159,0,3.86937581332624,3.35250927493592,0,2.51073986370523,2.84464958026795,0,0,0,0,0,0,0,0.540806161428945,2.94859600608861,0,3.89769516556132,0,0,0,0,0,0,0,0,0,0,0,0,0,0,0,4.17196814955318,0,0,0,0,0.575312330687437,0,0,0,0,0,0,0,0,0,9.02867964850448,8.74033981110424,5.51682712736325,0,5.78036239636736,2.83794324189103,0,0,7.5891995140032,0,6.9884574728114,1.15502461267569,0,3.19849415363908,0,2.14605588549379,6.59275601044103,8.4023299385598,8.3760350600366,8.73616512723568,0,7.40113551326553,8.19891030142692,7.54237648276506,0,0,4.38354565048076,0,6.08448952493625,3.47248777146274,0,0,6.44310916088578,6.06802569434208,7.71266455717533,4.67466793053966,5.00135189299996,0,0,6.03760186043555,0,5.35384400762741,5.73416766115076,6.51932173462943,0,0.855989697308481,0,0,0,0,0,0,0,0,0,0,0,0,0,0,0,0.879705766282288,6.16530901559716,0,0,0,0,0,0,0,0.752945464864979,0,7.58095961419633,0,0,0
ST6GALNAC5,0,0,0,7.83995958748953,0,0.952328749952879,5.24482204129518,3.72465027173297,2.84357934709245,0,0,5.77754949027747,3.75647292106963,6.39386233997893,5.22264748736511,5.67252933498262,0,7.48252564076792,7.11113567023471,7.34456222703313,7.30965703797801,7.20388556618486,7.13816702310413,6.93939117345676,6.95197759168998,6.93315950259152,6.92052647276859,6.70244916682069,6.8065797644476,7.1139504824225,0,0,0,0,3.87381319835909,4.45206455033503,5.31760838122085,0,0,0,0,0,4.8765094019293,5.8926787829735,4.09845324630927,6.36483012572259,6.93993176472761,5.97855392358223,4.79308343682579,5.30961277245412,0,0,0,0,6.1073237575672,0,0,0,0,0,0,0,0,0,0,0,0,5.35755200461808,4.265164539575,0.268026450120105,0,0,0,0,0,0,0,0,0,0,0,7.40531168259745,4.17457270667004,0,0,0,0,7.5184564558243,6.99925807121781,5.91647567556431,4.72000268393113,0,6.31404334502748,6.17592374206376,6.6910805978753,6.47945693479402,0,5.03869955130559,8.34140751271233,5.16430358309365,7.25691629667084,7.35167514685816,8.07841770164733,7.54426899048081,5.24716299961344,5.39677601078753,5.55428186262639,0,0,0,7.80535695232786,4.73255400807234,7.69578507476896,0,4.50859267220516,5.43529521564717,7.00101403849448,0,0,0,6.81288323490954,0,0,0,0,0,0,0,0,0,0,0,0
CPNE4,0,3.59447983540332,3.05137210172103,0.526068811667588,0.545968369105293,0.505890929729957,0,0,0,0,8.88502519629036,0,0,0,0,5.70583858718329,5.73822740036724,3.0686708106651,1.03562390973072,1.61823865559545,4.8850762294811,3.70033044065405,5.30943077489116,5.76242647158161,6.44741355107593,7.94787051566233,7.87249946465221,6.70872627725454,7.8430898315563,6.90291771903359,5.92219625944116,5.05527591076122,5.57349571549561,5.90736340414729,1.99276843076892,1.39638603875906,7.23265983518067,4.2637856138908,7.61397358738023,7.34198574722862,7.52489378694052,6.41616994090238,0.599309936609608,0.541010634672751,0,0,0,0,0,4.88166461932035,3.5647270346081,6.56162573681239,0,3.00386686002081,5.85191772949317,7.19692173382033,4.83187724119167,6.26341005875634,1.05911340689647,0,0.485426827170242,0,0,7.03375335188982,0.526068811667588,0,0.516015147003665,6.52591226074335,4.2021799490259,0,0,1.0071955014042,0,0,0,0,3.23419472295381,0,5.51064550409004,0,4.12387595579217,0.55581615506164,0,0,0,0,7.63647961878053,0,0,0,0,0,0,0,0,0,0.356143810225275,0,0.287656165343718,0.53605290024021,5.53075745746122,3.92660455456938,1.01435529297707,2.53106949272595,1.03546941067172,0.545968369105293,0.713695814843359,0.495695162624069,0,5.37538702682888,2.64154602908752,4.35576466083737,3.85399564717639,4.7832186550931,1.636795242104,0.687060688339892,1.48542682717024,0,0,0,0,0,0,0,0,0,0,0,0,0,0,0,0
CHN2,0,0,0,0,0,0,4.3694528078512,0,0,0.451519135056456,0,6.22602507781958,6.55343671498205,5.67157644813065,6.0687715499899,7.05174680364791,6.39900014826113,5.36562255611334,7.28438457507067,5.63517394667492,0,0,0,0,2.64354403845404,6.14465580738258,5.32189274799285,4.60635360559399,5.68073242113879,5.34020617991171,6.54897589237141,4.26340531601881,4.94626298433245,5.18779473130209,0,0,4.58159386920439,0.505890929729957,5.46041493916217,6.80889983925777,7.5747069491604,7.97956787363289,6.33391442581693,3.33403047973964,1.62293035092018,0,4.39163026151743,4.93521965927605,6.71746856937025,0.53605290024021,0.751674367583752,5.77725077915644,0,0,0,0.505890929729957,0,0,0,0,0,0,0,0,0,0,0,0,0,0.555682615463823,0,0,0,0,0,4.70351488715007,0,7.23724886996575,6.76447355099267,5.32350836793268,7.58277072284826,7.14251555027361,0,0,0,0,0,6.36737106564853,6.1613716063469,4.93380709840604,4.76950707326495,1.89141918684608,5.91586330480429,6.16631374788993,6.71568749020759,6.1717272440763,0,6.67101024127845,0.575019846387077,0,0,0,6.355967689241,1.03562390973072,6.34189675245634,5.69125497865014,0,0,0,4.02768487693716,0,4.92575178750747,4.5981269599196,6.26218463835936,6.66299897417187,0,5.3885339790918,8.18863829456139,9.92974662280384,8.98646782273617,0,0.268026450120105,0,8.19744074751365,0,2.71808758396052,1.09085343045111,0,0,0,0,0,0
SEMA5B,0,0,0,0,0,0,0,0,0,0,5.8569856897822,5.04264108378574,0,5.43629511983936,5.45285050449906,0,0,0,0,0,0,1.555807809561,0,0,0,0,0,0,0,0,0,0,0,0,0,0,3.73291582836967,0.815575428862573,7.10821079332637,0.910732661902913,0,0,0,0,3.95419631038688,2.6237017460964,0,0,0,5.71452029055351,5.17118525620463,6.72560483456828,6.35234597672039,5.49426622868725,3.47906173396481,4.75007048586569,0,0,0,5.9075769317201,6.88983855076605,7.06073620273909,6.72669500449962,6.50303064564116,5.24734460503235,0.925999418556223,6.85092712856502,3.00539998774259,6.0019144524023,0,0,3.5909612413426,2.65430421471079,1.98185265328974,0,0,0,0,0,0,0,0,0,0,0,0,0,0,0,0,0,0,0,0,0,0,0,0,0,0,0,0,0,0,0,0,0,0,0,0,0,0,0,0,0,0,0,0,0,0,0,7.53992216471303,7.14300005556111,0,0,0,0,0,0,0,0,0,0
ETV1,0,5.9569781108487,7.4749227003798,4.54966917072649,7.14526985665051,7.49048982688236,7.83806867927587,7.25823623733097,7.2907455464044,8.53473814242269,0,3.01132261385442,0,0,0,7.49134931301594,4.23419472295381,0,7.55658268982325,4.85399564717639,0,0,4.4124179696042,6.5940182861423,8.21408762996662,4.2946102134945,8.09354933340185,3.71807258919153,6.44172705402805,4.97039353791468,0,3.52003743818302,1.44360665147561,4.26436066567642,3.85897561429202,0.495695162624069,0.125480786766609,3.70376517879341,8.46360611005151,9.14185169044802,9.29060620014936,9.17572378658946,7.86768987683749,6.0853829294164,0,1.19379155977231,0.678071905112638,1.50588198616727,0,0,0,0,0,0,0,0,0,0,0,0,0,0,0,0,0,0,3.83356109461581,0,5.67749931965954,0,0,0,0,0,0,0,0,0,0,0,0,0,0,4.98182520203258,0,0,0,0,0,0,6.04548293602027,0,3.41873197269948,0,0,0,0,5.60407132366886,0,0,0,0,0,0,5.4082020948393,0,0,0,0,0,0,0,0,2.06653924544592,5.93457851804445,5.08151006812092,7.20212382383046,8.95338165580255,0,6.05658352836637,0,6.49174622211355,6.41467601290658,0,6.34207114689135,0,0,0.268026450120105,0,0,0,0,6.38941607455207
ADRA1B,0,0,0,2.95046841415012,3.86096279785812,1.30134720583796,0,0,1.75593640373702,0.565465434913224,0,4.71943833279309,4.46326364096017,4.68313498512609,3.19318907100443,0,0,0,0,0,4.87159118439802,3.65935274250739,5.76725168357002,4.88508490353824,5.26148958691251,5.57652163108876,5.56132610410256,3.09839793308353,4.95768201928818,4.43895814789755,0,0,0,0,0,3.23525867135007,4.80901468663575,3.7235585614721,0.963474123974886,0,0,0,0,5.03474287521921,3.799087306074,3.93358685013633,3.5033487351675,0,0,5.40122086216022,0,0,0,4.08113599023052,5.35348194497486,0,0,1.87970576628229,6.18922925913359,6.05451125937841,7.31623627001534,7.88807520936253,7.3533232911629,6.07745665240059,5.35047072646719,7.15844673266004,5.24542994991107,5.1168637576909,5.18886983731217,6.69994522289051,8.88974730736464,8.02336625632779,8.72531370214988,7.74503559892088,5.85549144310187,5.44009480271836,5.74604398299834,0,4.72082566608984,5.79856898027285,0,1.68257329734758,0,3.63778477954062,6.39772796071929,7.52911816416152,5.34340782229781,0,0,0.565597175854225,0,0,4.33485409219749,0,0,2.97636363573276,0,0,3.40769036693334,0,0,0,0,0,0,0,0,0,0,0,0,2.83543999113198,0,1.79206034152997,0,0,0,0,0,0,0,0,0,0,0,0,0,0,0,0,0,0,0
UST,0.613408382524934,0,6.68832025628797,5.56193705962243,4.70099449416827,0.443606651475615,5.54764259490576,0.604071323668861,4.94668717321914,5.62740645841828,0,0,0.531060855953899,0,0,3.24085774530162,0.985500430304885,0,0,0,0,0,0,0,0,0,0,0,0,0,0,1.75475925120386,0.485426827170242,3.64957836082583,0.584962500721156,0,0,0,0,0,0,0,0,1.77599175520919,3.51727569320958,0,4.86145916636151,0,0,0,0,0,0,0,0,0,0,0,1.24700295694337,0.955366330951456,4.19534759832222,6.45414770598986,7.38059093426592,7.70106382617399,6.46939738719868,6.46643505505917,7.00678245848546,0,2.55159773648732,6.23729285389917,6.53387477725855,4.96023367169445,5.87577753168128,7.07873790918186,6.61456262282411,6.36762302193572,6.7636771418966,4.84267488208811,5.62964804418744,6.35110887902847,0,0,4.74391680198505,4.92074695080489,6.44415916468942,5.98139603197215,1.64616265715789,0,0,0,0,0,0,0,0,0,0,0,0,0,0,2.28639633862921,0,0.516015147003665,0,0,0,0,4.97148813489211,5.47053686509258,0,0.53605290024021,0,4.73334414568169,0.902522380685201,0,0,0.55581615506164,8.33842441478356,4.99638874644762,0,1.61915650770005,5.1333112943805,0,0,0,0,5.82642669808291,0,0,0.650764559116902,6.41562238394729,0
SEMA3C,0,0,0,3.07895134139482,6.82883464946806,5.84498184695275,0,0,5.62306168648516,0,0,0,4.11747958970865,0,0,0,0,0.748461233004036,0,0,0,0,0,0,0,0,0,2.47368813983834,0,2.85399564717639,0,0,0,0,0,0,0.56150197702741,0,0,0,0,0,0,0,0,0,0,0,0,0,0,0,0,0,0,0,0,9.59097994836655,8.78367234247094,7.8621211815089,6.91073266190291,7.13056156106678,7.12443153547104,7.757690018734,8.85860092851595,6.49729212480044,7.67944487663213,6.50462039240355,7.54919392944554,8.13978398492533,8.77168753760253,0,5.99567535537641,5.62819033461521,7.74200621086674,7.88229326851431,6.82781902461732,8.00345311881604,7.537140729805,8.12194787279513,9.0221130715548,8.66466060630511,9.20072656947212,7.96030636463821,9.73652029648258,8.19554445921369,0,0,0,0,0,0,0,0,0,0,0,0,0,0,0,5.8784867589779,5.80658184262093,0,0,0,0,1.97085365434048,4.93959188650447,0,0,0,0,0,0,0,0,0,0,0,0,0,0,0,0,9.61765111942733,0,0,0,0,0,0,0
OPRM1,0,0,4.56985560833095,3.48026512205446,4.22110372536788,4.09549208881432,0.540601630208697,3.84899843040002,0.268026450120105,5.49809796960124,5.29241366782748,0,0,0,0,0.613408382524934,2.40053792958373,0,0,0,0,0.394968934490097,0.531060855953899,0,2.92198187533135,0,4.19298295434001,0,1.92789520813741,0,0,0,0,0,0,0,0,0,5.35860724911781,0,7.25798897700659,5.56299450647201,0,4.95744129464637,3.78972925137577,5.49008850076008,3.854993016757,4.35382951480714,3.12648406507206,6.39077084942262,7.5393818238898,6.32044239342401,6.95011273487553,7.40120422083977,7.09863157953107,6.26922020578009,7.56430194639937,5.49249415167943,0,0,0,0,0,4.34482849699744,5.86058457116825,0,5.77568951407654,7.24783259617385,5.8433557879645,0,0,0,0,0,0,0,0,6.29694405665962,6.455984709226,4.63052008236646,3.79290341566226,0,0.496819067715793,0,0,0,6.67299099382775,0,4.84283116501966,0,4.72710152109347,0,0,0,0,0,6.83402853457702,5.98868468677217,4.25891932196299,5.34731131636529,7.45211766382867,7.65941702242163,6.69710657447698,6.141187525005,5.81654620158436,4.76075320806299,6.93581330620453,7.01167453338092,6.49953985333524,0,7.39403389536778,3.83993707387331,0.545968369105293,5.10319731690331,5.81329983022236,7.05017516041092,7.35966172233388,0,0,0,0,0,0,0,0,0,0,0,0,0,0,0,0
SGCD,0,0.494787510290454,0,5.51601514700366,1.51096191927738,2.91456325466746,0,0,6.1800048470453,4.98847048242458,5.81762325751143,6.51185250766716,5.3866382723752,2.8073549220576,5.98045275309218,0,0.545968369105293,0,0,0.545968369105293,7.45749707023212,7.03099811395433,6.94601410965279,5.81133777018275,6.12854523123051,6.98002290578216,6.52590980573798,5.92005409072798,6.96654304313938,5.96670731415032,0.53605290024021,0,0,0,2.91456452349394,1.3619539993225,5.93401529551603,1.17632277264046,8.08597694907364,7.85262313719614,0.438047256364955,0,0.216479703638053,6.01613472566412,3.64846544302731,0.541010634672751,0,0,0.55581615506164,4.12018602753186,5.93957400079533,6.32044508146074,5.71766094437736,5.74289956324078,7.06093508852414,7.50922077633196,7.2803068064537,0,0,0.480255855059512,0,0,0,0.516015147003665,0,0,0,0,0,0,0.575312330687437,0.933572638261024,0,0,0.55581615506164,4.3396624567366,5.56163163037584,3.05882674489741,4.73063995591679,0.659895662313266,5.23522018451328,0.400537929583729,6.61845854451876,7.52285450289584,4.94335760141284,4.53294028837287,0,0,4.05224093281719,0,0.580137415704296,0,2.2937875093015,0.422233000683048,0,2.40871186102943,5.24716800037477,5.81506301719287,0.564773399960796,0,0.632268215499513,0,0,0,6.67897438683044,4.14812063112396,0,0,0.742301097186101,0.545968369105293,2.3533232911629,0.594421991802682,0,6.69695513515963,6.99450653598205,5.37920505996061,5.23916887866545,0,0,0,0,9.19120936973186,7.79864362210113,0,0,0,0,2.95423233933203,0,0,0.6959938131099,0,0
EGLN3,0,0,0,3.79181407116183,2.94860084749336,0,0,0,0,0,0,0,0,0,0,0,0,0,0,0,0,1.06150197702741,0.500793046177013,5.01918242205061,4.64014412240136,0,3.6724253419715,0,0,0,0,0,0,0,0,0,0,0,0,0,0,0,0,0,0,0,0,0,0,0,0,0,0,0,0,0,0,0,0,0,0,0,0,0,4.85211601729911,1.25373242181987,0,0,0,4.00025580758546,7.47670570666818,4.74523733212975,3.0050766111073,0,5.99774402605963,8.31127953824976,7.47686768893309,0,0,0,6.03189470449083,5.75087443965685,4.60358429498872,7.48988346872696,7.92852920848948,8.4541758931858,0,0,0,0,0,0,0,0.687060688339892,0,0,0,0,0,0,0,6.81081248905368,0,6.09697863637054,0,3.6724253419715,7.11301282177437,0,0,0,5.49537538094463,3.63490464208643,5.86913111964429,0,0,0,0,0,0,0,0,0,0,0,0,0,0,0,0,0,0,0,0
PTPRK,0,0,0,4.57228336665041,7.37816477987163,6.14861904116796,0,0,0.526034023621937,6.46025276441974,6.56879217804153,7.46446205428239,7.70257570544432,6.80503443985454,7.64896649431704,4.51127906262215,7.58007009078113,8.0131830735375,0.55581615506164,7.14791719108402,6.41400023065939,7.37875705207005,5.636867966201,6.11246416611122,5.79309153109115,7.30824744264312,7.15748043074249,7.94760591824578,7.8542118837867,7.72703551172131,7.537606221346,8.72102411903301,7.34819700307791,8.10403106431293,8.15081350683465,7.75446492875841,7.52170614068622,7.23390722850783,0,0,0,0,2.23735754004192,0.702669457923775,2.59454854955035,0,0,0,0,0,0,0,0,0,0,0,0,7.25039317308951,5.49904816569422,7.13024938722138,0,0,0,0,0,7.13145185572215,0,5.66106547980695,0,0,0,0,0,0,0,0,0,0,0,0,0,0,0,5.94226599362281,0,0.604071323668861,0,6.81224149518948,0,0,0,0,3.94424925892196,0,5.7123741971828,9.00932477555286,0,0,4.53810784261667,0,3.94953493301701,0,6.43596189543763,6.27034205268023,0,0,0,0,0,0,0,0,0,0,0,0,0,8.30030679608006,0.516015147003665,8.16756868006914,0,7.6175467947471,6.3512079894596,0,6.14011024637499,1.35049724708413,3.24488705912353,6.72908959057426,9.23008925604981,4.28395522793934,0,4.21851813405468,4.14163911488165
PDLIM1,0,0,0,6.26115467261557,0,0.545968369105293,7.02895529289938,7.25653894885181,6.63335740700821,1.1652792000154,5.05050169744673,6.13320614656567,5.81632834822697,5.72055209160511,6.14107329438774,0,0.765534746362977,5.41953889151378,0,5.78633498041697,5.64238316672152,4.77104852667733,4.97313558673184,2.38541452301625,3.82675109520688,0.531060855953899,4.23223979350301,0,0,0,0,0,0,0,0,0,0,0,0,0,0,0,0,0,4.42559357765306,6.41573800512332,6.95210055416844,7.00858515429206,7.25616026761182,4.83491342970104,7.70092152818425,0,7.49138209413117,6.11582301752324,4.84703997178867,0,5.99004721957379,0,0,0,0,0,0,0,0,0,0,0,0,0,0,0,0,0,0,0,0,0,0,0,0,0,0,0,0,0,0,0,0,0,0,0,0,0,0,0,0,0,0,0,0,0,0,0,0,0,0,0,0,0,0,0,0,0,0,0,0,0,0,0,0,0,0,0,0,0,0,4.9251962601738,0,8.11667669939443,0,0,0
TPBG,0.540328831672612,0,0,2.70929063572336,2.04614178164472,4.58129838299424,0,4.39711840904258,5.342264083745,4.2683124450209,0.978195629681652,0,0,0,0,0,0,0,0,0,0,2.56030868060897,0,0,0,0,0,0,0,0,0,0,0,0,0,0,0,0,5.94602898951548,5.90833256978243,0.540942483364614,5.74401595577952,0.58007286270229,0,4.16108148227718,5.20262562849403,0,6.20122045295682,4.53354989978777,4.23419472295381,7.00107003544591,4.70167327682577,6.70631545962488,5.70163897467365,3.74171281633631,6.77425995143276,7.3931759143488,0,0,0,0,0,6.60392301269048,3.27798474729977,4.75890987562035,0,6.87540737760172,6.7348450781895,7.57432983603798,0,0,0,0,0,0,0,0,0,0,0,0,0,0,0,0,0,2.25096157353322,0,0,0,3.71918177694088,0,0,0,0,0,0,5.77003613859792,0,0,0,0,0,0,0,0,0,0,0,0,0,0,0,0,0,1.74416109557041,0,0,0,0,0,0,0,0,0,0,0,0,0,0,0,0,0
VWC2L,0,0,7.8067751513205,0,0,0,0,0,0,6.13224906852605,0,0,0,0,0,5.87946070172398,6.64947175718163,0,3.87578006306849,0,0,0,0,0,0,0,2.62635920456576,0,0,0,3.17776893189233,0,0,0,0,0,0,0,8.46939761687655,8.90553743461432,8.21756345584159,7.23290041185376,0,0,0,0,0,0,0,0,0,4.62555205609362,0,0,4.04716343446518,6.56894414465471,5.48252564076792,0.903038270112912,2.7371790814377,0,0,7.26264568453103,6.33628338786443,0,0,7.12391175598354,0,5.24069594421251,4.34396093094777,8.33463072465268,7.37556079316946,6.93475237096303,8.2323008057842,8.6282997139383,0,0,0,0,0,0,0,3.36457243229586,0,0,4.67644931706612,5.08958289312471,6.06565847093199,0,0,0,0,0,0,0,0,3.69265037003553,0,0,0,0,0,0,0,0,0,0,0,0,0,0,0,0,0,0,0,0,0,0,0,0,0,0,0,0,0,0,0,0,0,0,0,0,0
GPX3,0,0,0,0,0,0,0,0,0,0,0,0,5.10019675604001,0,0,3.8537623954498,3.90400231628369,0,0,3.96901230751632,0,0,0,0,0,1.2387739079569,3.61528404969263,0,0,0,0,0,0,0,0,0,0,0,5.58285703484424,0,4.23226838268435,0,0,0,0,0,0,0,0,0,0,0,0,0,4.70982548284439,0,0,0,0,0,0,0,0,0,0,0,0,0,0,0,0,0,0,0,0,0,0,0,0,0,0,0,0,0,0,0,7.36964096451698,6.76208300356767,5.56737820402365,0,0,0,4.64758438850723,0,4.77477837227529,6.05354581772798,0,0,9.62858636867883,8.78145807574241,9.07812411562758,4.72897563864099,7.57478272083875,0,0,0,5.70487196445635,6.57425291650018,0,0,8.20730722344539,2.69053783796314,4.04176864995163,0,0,9.2265807783522,5.84924870276441,0,0,0,0,0,8.78165462847642,0,9.13774794626391,0,0,0,0,0,0,0,0
GRIN3A,0,0,7.48333211126848,0,6.80606622608903,3.63837394354874,0,0,0,0,3.42088657497553,0,0,0,0,0,0,0,0,0,0,0,0,0,0,4.83288566253223,2.1982167656255,0.421871352474264,3.57527120724799,1.55581615506164,0,0,0,0,4.02236781302845,0,0.645801779015282,0.250961573533219,0,6.04351949366274,4.86949256825314,6.14744084843884,0,0,0,0,0,0,0,0,5.83691908642584,0,0,0,0,0,0,9.25689271532348,8.71472603797184,7.01080904655108,0.887525270741587,4.07015926967849,0,1.23266075679027,0,4.30990677028898,4.73356432416569,5.56985560833095,4.66660384449763,0,0,0,0,0,6.88971689161508,0,4.92552476974757,0,0,6.69214560640549,0,0,0,0,0,0,7.70777324346704,2.02502879449152,0,0,0,0,0.545934527650925,0,1.63260591623569,0,0,6.69766263347052,5.75289176164658,8.82129566123649,7.82553125118962,8.7995817990936,7.91324846871513,8.02025771636832,7.47243546221081,7.75441988632874,9.35376436091499,9.49032944727463,9.11728147236513,8.82467239997851,8.43270891764254,8.65626393402014,7.96168120160628,8.94320104819619,8.57099582153376,7.97091115857713,7.30058135979597,0,0,0,0,8.84022776654305,5.99299651396052,0,0,0,0,0,0,0,0,0,0
NKAIN3,0,0,0,6.18824265626441,7.20760006725862,6.83409164716325,0,1.75274859140713,2.6249975797459,4.32691695528794,0.575312330687437,0,0,0,0,4.82514030614166,4.19849415363908,0,0,0,0.469801360178022,0,4.20786729324069,2.51978855153034,5.27650069888976,4.78449629032424,5.16750906577932,0.464668267003444,4.63650147401994,0.66902676550963,0,0,0,0.53605290024021,3.37851162325373,0,3.80332844946076,0.333423733725192,4.5465858290081,5.22573765346606,4.58455550083793,4.66472462127926,0,0,0,0,0,0,0,0,0,0,0,0,0,0,0,0,6.53906289194937,3.06647449183464,1.66902676550963,6.85728085830652,6.63995564505617,0,2.04169179385504,6.26608456133309,0.678043726924761,3.07210580048042,4.70542238970581,6.13958966650532,6.14200491598488,3.82781902461732,5.73286609649031,6.10517519226548,3.50716034911752,6.62389978323277,6.25361115194717,7.09296135298276,5.04483123344781,0.516015147003665,5.79753125663344,2.98550043030489,0,5.74059456669723,4.82181735954382,6.57999469319869,7.9413411054853,0,0,0,3.76659360401158,0,0,0,0,0,1.07724299893246,7.7309116243181,0,0,0,0,0,0,7.3394029389581,0,0,0.584962500721156,7.99599033777483,6.79142339686936,0,0,0,8.0299496203752,8.02646810324061,0,6.86616616903904,0,0,0,0,1.43464947561053,6.27329182935673,0,0,0,0.565597175854225,0,0,0,0,0,0
CDH6,0,0,0.505890929729957,6.89699834233891,6.20163386116965,5.28448551104172,7.01622428903172,6.70956635383999,5.82987154328533,5.7026580752939,0.55581615506164,4.9627761814923,3.67066822975717,4.68313498512609,4.6748971462122,6.8626542616871,7.0068590127634,0,6.6318318506101,0,2.8082788326634,3.52531179283129,3.22880207045755,4.36080783156137,5.04242412035404,6.19110573784319,5.91695419991391,4.71942897863152,6.59326442321383,5.06824086131282,7.37068183410434,2.84999370892048,6.38076407498511,4.38574605529375,5.39917109381982,5.86835942483646,5.10787156992472,5.98481717429359,0.53605290024021,6.66547804762624,4.64352371622951,6.04034302027253,3.73761825357984,3.25016282144661,5.07510472220949,5.6226891206575,1.71369581484336,2.77364933323372,0,6.88691589584725,5.25316132882793,6.28558598256564,6.03639081870867,6.61852903916455,4.76102139918904,3.54596836910529,5.54039930563062,0,0,0,0,0,5.81326814176608,3.63459326844576,6.1810872603557,4.75005365102852,0,6.43762724831895,5.09809547912342,7.64194552968418,5.78816365703777,0,1.2869417260292,8.09407768567191,0,0,0,0,0,0,0,0,4.84051675145027,1.86046207010309,7.09599435720284,0,0.505890929729957,0,0,0,0,0,0,0,0,0,6.96716860753263,0,0,0,0,0,0,0,0,0,0,0,0,0,0,0,0,0,0,0,0,0,2.47248777146274,0,0,1.46648412075138,4.41623046920921,0,0,0,0,0,0,0.886491776069052,0,0,0
IGFBP5,0,0,4.84046323386954,1.25096157353322,0,1.04920977888277,0,0.411426245726465,0,0,2.85996954822103,0.713266569058337,0.565465434913224,0,0,3.51907869819963,4.77294133783134,1.70043971814109,0,0,2.69698263783012,3.87820477188518,2.09759504513292,0,1.95959852271999,3.67637749727853,2.72137224485221,3.37988751311601,4.84346173448542,4.04439411935845,1.93912725040439,1.97996851915078,0.650764559116902,3.0035977507021,3.76659516172927,3.3807623193712,3.47562661882044,1.85199883711245,0,0,0,0,0,1.17959189498726,0,1.03560674480263,4.04788732939655,0,0,4.70929063572336,6.56097948920348,6.6843970016664,4.93661438441325,5.64147701743683,6.47672946112934,7.98036810528749,7.26697389152185,5.11519974938544,1.8617902018876,5.98164490077556,8.11966742691487,7.65537219481475,3.95698592461258,1.76128527336162,0,4.66883213399726,4.89407056961386,2.70487196445635,2.77909095130058,0,1.02147972741045,6.96254902292306,7.11946949644931,2.53605290024021,0,0,0,0,0,0,0,0,0,0,0,0,0,0,0,0,0,0,0,0,0,0,0,0,0,1.94485844580754,6.2112069285929,0,0,0,0,0,0,0,0,0,0,0,0,0,0,0.933572638261024,0,0,0,0,0,0,1.43690659917954,0,0,0,0,3.33138758596889,0,0,0,0,0
KCNIP2,0.35684790742168,0,0.948600847493356,0,0,0,0,0,0,0.287656165343718,4.94345253855882,3.272996536288,1.97796790152494,4.86987140617771,1.14403160016266,0.535744052792091,5.06479664591181,5.01167453338092,0,3.41953889151378,4.32409033624088,6.06808748850728,1.18234224096411,0.464668267003444,1.550766211876,5.89032323441363,4.79904225916425,6.75795663520477,5.41953747389345,5.4666271200415,5.61720862611648,5.77044239736985,6.15643706844869,6.4878391383018,6.83718638515903,6.72924241059183,6.57969305557424,6.27388882366849,0.356143810225275,0,0,0,0,0,5.04788732939655,3.22264815993992,3.12267271882414,3.41002883439768,1.63450160735618,0,0,0,0,0,0,0,0,0.678071905112638,3.36807985705827,6.00985943478373,1.13093086982645,0,1.91838623444635,0,0,3.11685201560644,6.44805409296267,5.92029330021101,6.30203332141831,0,0,0,0,0,0,0,0,1.36719765438008,0,0,0,0,0.719811568778558,0,0,0,0,5.8444860877578,6.49581580146645,7.740252159313,6.71596194945962,8.35552729269285,7.62118302707224,7.87976702071562,7.6877812195491,4.41413553298445,7.58270652678079,3.3533232911629,1.35454604302328,0,1.39506279951758,6.06328529252355,7.1811025507538,6.08065766334523,2.15287219918972,5.09169983413681,0.604071323668861,0,0,0,1.47508488294878,0.741320900154288,3.98185265328974,0.599309936609608,0.221803325737807,0,0,0,0,0,0,0,0,0,0,0,0,0,0,0,0,0,0
WNT5A,0,0,0,0,0,0,0,0,2.26878160405232,0,0,0,0,0,0,0,0,0,0,0,0,0,0,0,0,0,0,0,0,0,0,0,0,0,0,0,0,0,0,0,0,0,0,0,0,0,0,0,0,0,0,0,0,0,0,0,0,0,5.69300783268507,0,0,0,2.38404980679516,6.88971689161508,7.13832248068687,0,4.79348949268566,0,0,1.1209810911076,6.80335621179794,6.00629802390037,6.82571647506037,0,0,0,0,0,0,0,5.64420408391327,6.18090370917938,6.58360130966057,3.95762748598231,6.30452180307562,4.01792190799726,0,0,0,0,0,0,0,0,0,0,0,0,0,0,0,0,0,0,0,0,0,0,0,0,0,0,0,0,0,0,0,0,0,0,0,0,0,0,0,0,0,4.80289290179774,0,0,7.34438468641748,7.44674923999593,0
AIFM3,0,0,4.56803210477128,5.60584986719498,4.76818432477693,4.51406699535042,4.29415400029383,3.9136075118231,3.91837108883676,4.9869479647307,2.76765479823735,4.69041320027884,1.23369191537887,4.81403764753998,3.72394743776033,5.29388163370897,4.26528685756517,5.0071955014042,6.06522762277562,5.15055967657538,4.4476613091139,4.54747693004852,4.52317922672637,5.50873299220291,4.53759194746771,3.41818931671331,3.52544128196703,5.16119957403834,4.39054278771147,4.5963388642052,5.40667271575583,0.550690571177512,4.76765479823735,3.90007882957372,3.85099939471647,4.36457226231103,4.38816584738784,4.64212391615349,1.89141918684608,1.70043971814109,0.459345767212199,0,1.060010047808,5.13254020596396,3.63691458035588,3.98400619633931,3.55213110825378,3.53354398240057,3.57591419075698,1.15704371014558,0,0,0,0,0.575182352305997,0,0,0,0,0,0,0,0,0,0,0,0,0,0,0,0,0,0,0,0,0,0,0,0,0,0,0,0,0,0,0,0,0,0,0,0,3.19692173382033,0,3.0408924306469,0,0,0,0,0,0,0,1.34175840397094,1.11103131238874,0,0,2.26603689399532,0,0,0,0,0,0,0,0,0,0,0.948600847493356,0,0,0,4.65821148275179,0,0,0,0,0,0,0,0,0,8.54121280087561,0,0
NFIA,8.93064608349854,0,0,7.37729730642785,4.26077843189343,5.47232126153849,6.35323408701861,2.96716860753263,0.944853579219894,0.945729036490397,1.24488705912353,6.40155817004679,3.54007938647971,5.94040169796984,6.01637337592307,0,0,0,0,0,2.38194478032317,3.62579233100097,1.23832045433476,0.691195291436735,1.6266315996299,1.36736022866549,1.51343543236237,1.2357238081887,0.691471934784495,0.411426245726465,0,0,0,0.53605290024021,3.00539998774259,2.05134586053922,1.55641677751136,2.59693514238723,0.807354922057604,0,3.67750548838601,2.27052816775814,2.3272750543235,5.979675525792,7.08937102807684,6.92819097570908,7.60028462289809,7.62091441006402,7.69446222728917,6.72723977748481,7.9409189497364,6.20269751480751,7.48231514017838,6.96718624126421,5.79081626265893,6.45549162062847,5.79467578798686,0,0,0,0.432959407276106,0,0,3.4276061727819,2.88654190308321,0,1.90881162875572,0,0,2.89776659864572,0,0,0,0.678071905112638,1.17632277264046,0,0,3.17302014597835,6.32948243102564,4.62527037094673,2.50803418431383,4.15137177625395,0.232334133501722,0,0.808884322902199,0,0,0,0,0,0,0,0,0,0,0,0,0,0,0,0,0,0,0,0,0,0,0,0,0,0,0,0,0,0,0,0,6.41498114290309,5.11519974938544,6.31596466980603,9.67410397321369,8.44416068696632,8.94814905626491,7.97081377217321,4.61445358653914,5.27835652801072,7.31424334674856,7.96389187170226,4.08107631114558,6.56007596763315,9.13996056954546,8.42584485429088,7.37208935324318
ATP2B4,0,7.89696173284676,0,0.895302621333307,6.6180917939838,7.46717802575907,4.39184094708613,5.1122831085982,5.69974241652727,2.06608276273904,6.3389591754152,7.65431367416843,6.83989183564989,7.25767069634337,7.34250252863529,5.2982087562495,3.01077983875324,2.39506279951758,4.56010351346474,1.33342373372519,5.703478759792,6.19257445483167,5.28780375189626,3.72517261750938,5.5994324483484,5.41328719282943,4.98436132847577,0.695966326398123,2.94753253063072,0.956056652412403,1.3840074487147,7.32885016678169,7.16138386011199,7.78378359694266,6.67609812091222,5.9025204454053,6.28838183533785,6.49841044886098,5.38474058729238,0,0,0,5.56803886771233,5.14233028312199,6.67638025546692,7.24091737097571,6.47362458305826,7.04591778397126,6.6113193364355,7.49793165189628,7.49500117727229,7.4055719500212,7.63712334567719,7.78059421710283,5.78019388511465,6.81928498059698,6.56833618213375,0,0,0,0,0,0,0,0,0,0,0,0,0,0,0,0,0,1.89530262133331,0,3.51853513898218,0,0,0,0,0,0,0,0,0,0.887525270741587,0,0,0,0,0,0,0,0,0,0,0,0,0.903038270112912,1.84398384404833,0,0,0,0,0,0.485426827170242,3.51475349843975,5.32611412294269,2.68929916053589,0.956056652412403,0,0,5.53133775470088,2.00440029666985,0,0,0,0,0,0,0,2.76693738862927,0,0,0,7.98891186495402,0.641279209213779,0,6.82154147864587,0,0,0.739744635489275
GUCY1A3,0,0,0,5.42961596420174,6.65835431677408,6.68692064125793,5.0723175236859,5.56559717585422,5.67694212672157,5.64822973614794,5.3819754785573,6.08648811423894,5.97418489348165,6.18784690943957,5.70197846219583,0,0,4.36806987653208,1.66448284036468,1.55090066464752,5.52260270358282,5.94986387304058,5.76353849196684,5.28980260096872,4.96870898056477,4.73605712759207,3.69317699884871,5.12412117838531,3.60024825327512,4.14974711950468,2.64266411630204,5.96958775587236,7.19633163426576,7.56394971775822,7.15177765473205,7.21467908567914,6.49912807981048,6.91025296279928,4.70929063572336,1.31614574229336,5.99559434905745,4.1498650210684,1.62487435754178,0.131517202916897,0,0,0,0,0,0,0,0,0,0,0.859043791980258,0,0,4.9136075118231,0,0,0,0,0,6.92029330021101,6.94590741736139,0,0,2.19219416528334,4.63294838027996,0,0,2.81352468929781,0,0.526068811667588,0,0,0,4.18306470242163,0,0,0,2.99276843076892,0,2.61844144843583,0,0,7.44989147301094,0.613531652917927,5.02766040371239,6.39617100258586,6.21324990129001,6.09929520433777,6.59410043031665,5.54225804976692,5.29401693946272,5.3743439890385,5.61618123133188,1.37851162325373,0,0,0,0,0,0,4.93969674069176,2.63691458035588,0,0,0,0,0,0,0,0,1.13629529862734,0,0,0,0,0,0,0,0,0,0,0,0,0,8.1797612166298,8.5279842312289,0,0,0
ADRA1A,0,1.3440789868479,0,5.77162151792327,5.71616782979715,5.66987704916264,4.03738115181884,4.4944156103975,2.76023626883658,4.03605156004217,0,3.93781324914405,4.57327122812716,3.47248777146274,5.2774241991641,0,0,3.98185265328974,0,0.641546029087524,0,3.5637820779052,0,0,0,0,0,0,0,0.910732661902913,0,0,0,0,0,0.216479703638053,0,0.454175893185802,3.55336050333533,0.722466024471091,0,0,0,3.32354642471343,0.37851162325373,0,0,0,0,0,0,0,0,0,0,0,0,7.51072461439307,6.82767665788244,6.93150087156181,4.02236781302845,3.75395637305603,3.55336050333533,0,0,6.83009595454567,0.545968369105293,7.75795664136291,6.01758667040439,6.30514759699293,4.73226919950145,2.83592407425437,4.04783564670033,5.64414469993285,7.61419450385579,7.52835329430548,7.65913965122127,7.44295638544848,7.45524501311682,8.07250780126409,2.02455397870617,3.94673086014031,2.86610203253609,3.02804570977227,5.87699042876847,5.57319272378161,7.21441626871103,5.87479696589866,5.67327038479678,6.30687935682854,6.03538986830535,6.44757919654888,6.31912968381902,5.97498811199193,5.88832795868415,4.15137177625395,4.1168637576909,6.11478344724985,5.06656750908883,0.948600847493356,0,0,5.22766407255439,4.32768736417605,5.02324553009702,2.46988597627446,0,0,0,0,0,0.599247076819542,4.60050764534579,3.53480812422736,4.37534679455536,5.19219416528334,5.4995270242151,0,0,0,0,0,0,0,0,0,0,0,0,0,0,2.6801224332311,5.79477056899705
KIF2C,0,0,0,0,0,0,0,0,0,0,0,0,0,0,0,0,0,0,0,0,0,0,0,0,0,0,0,0,0,0,0,0,0,0,0,0,0,0,0,0,0,0,0,0,0,0,0,0,0,0,0,0,0,0,0,0,0,0,0,0,0,0,0,0,0,0,0,0,0,0,0,0,0,0,0,0,0,0,0,0,0,0,0,0,0,0,0,0,0,0,0,0,0,0,0,0,0,0,0,0,0,0,0,0,0,0,0,0,0,0,0,0,0,0,0,0,0,0,0,0,0,0,8.96691359364827,0,0,0,0,0,0,0,0,0,0
TCRB,0,0,2.66448284036468,1.21412480535285,0.622930350920177,0.495658878450099,0,0,0,0,0.622930350920177,0,3.44109713848007,0.659924558402378,0.580137415704296,4.67869022722994,2.93357263826102,6.09254574154357,6.18090370917938,5.96855160336395,6.4936941884871,5.31701888809876,6.92040530894399,6.84793177544091,6.06436359123313,6.50414239155356,5.16885253598383,5.88031669158311,6.56305231159155,7.04843238023264,0.545968369105293,0,0,0,0,0.490560994897155,5.38220588103056,2.47248777146274,0,0,0.584930440118896,2.29713094645988,7.54073010149668,7.54727148609006,7.6813789842266,7.09769823884863,6.93840342367024,7.33158683208102,7.83667162016348,5.95884267524324,0,2.88504582815266,0,0,0,0.956056652412403,0,0,0,0.194783405881363,0,0,0,1.28688114778816,1.13748861972158,0,0.91455944817463,0.641546029087524,0.782384181486587,1.46688073016663,1.4594316186373,0,0,0.594548549550354,0,0,0,0,0,0,0,2.04614178164472,0,0,0.55581615506164,0,0,0,0,0,0,0,0,0,0,0,0,0.505890929729957,0,0.475084882948783,0,0,0,0,3.05987209578028,3.08746284125034,0,0,0,0,0,3.11093467478582,1.84799690655495,2.47897122480988,2.80856841446392,0,0.622930350920177,0,0,0,0,0,0.252945464864979,0,0,0,0,0.574792276579068,0,0,0,0,0
KCNMB2,0,0,0,0,0,0,0,0,0,0,0,0,0,0,0,0,0,0,0,0,0,0,0,0,0,0,0,0,0,0,0,0,0,0,0,0,0,0,0,0,0,0,0,0,0,0,0,0,0,0,0,0,0,0,0,0,0,7.38188898345605,6.56100902340696,8.09624701317036,7.16631374788993,7.72232830573598,7.90508609876177,7.09666245233723,4.19727421958358,8.5186119508995,7.31138143818849,8.25696345820926,7.00380576734878,5.02356550142364,6.07382023329167,7.66739543936347,7.43718124761965,7.51412226017071,1.60407132366886,4.59509111192977,3.56437816856506,7.16387416044248,7.6212460287096,7.01381280901375,0,0,0,3.91334351510316,0,0.516015147003665,6.28743535550644,8.24179252503962,7.37024000247088,7.93675560789413,7.69776623432527,7.55382125653269,7.80625730017013,7.54966917072649,8.27599383180785,7.61470984411521,7.95686979831631,7.21363890219885,8.07385327139971,7.33064802790278,7.868822554775,7.26542583620395,7.91767043436176,7.59641341245691,6.54580959134563,6.57818396809009,7.37521323955639,6.78711898281334,5.49440141194561,5.60436789989375,8.1994269676709,7.1158197253119,8.04215182861815,4.94883425542871,6.51875703885553,7.07873790918186,7.19947604644285,0,0,0,0,0,0,0,0,0,0,0,0,0,0,0,0
CHST8,0,0,5.50048340147312,5.54966917072649,5.47864829453918,5.6728085167208,6.56819013588913,6.89772447021644,6.36472303373532,6.12628464449763,0.454175893185802,4.7718847087023,4.97083487682827,3.67129337248158,5.65698472219083,5.36817855533531,2.96347412397489,4.114367024952,5.39300425689832,0,0,0,2.46858272836722,0,4.16992477880415,0,3.99185167144428,0,0,0,0,0.565564242874538,2.03210084316702,0.205713122863233,3.26153081524341,3.29627635771225,0,2.30451104180995,0,0,0,0,1.33158121032126,1.52674684344201,0,0,0,0,0,0,0,0,0,0,2.02765857327162,0,0,0,0,0,0,0,0,0,0,0,0,0,0,0,0,0,0,0,0,0,0,0,0,0,0,0,0,0,0,0,0,0,0,0,0,0,0,0,0,0,0,0,0,0,0,0,0,0,0,0,0,0,0,0,0,0,0,0,0,0,0,0,6.75261480413566,5.10726939359254,0,0,0,0,0,0,0,0,0,0,0,0,0
SLC26A4,0,0,6.41023933077602,0,5.1906148602095,0,4.10433665981474,2.74631276642546,5.18802817334382,5.77673132482774,0,6.46237007220052,6.70625422711032,6.1725275187,6.93810425917437,0,0,0,0,0,5.02611976769025,4.1864220851297,4.17645913519116,0,3.56252589135184,4.8414699994658,4.72000351475603,0,0.510953038366811,0,0,0,0,0,0,0,0,0,0,0,0,0,0,0,0,0,0,0,0,0,0,0,0,0,0,0,0,0,0,0,0,0,0,0,0,0,0,0,0,0,0,0,0,0,0,0,0,0,0,0,0,0,0,0,0,0,0,0,0,0,0,0,0,0,0,0,0,0,0.292481250360578,0,0,0,0,0,0,0,0,0,0,0,0,0,0,0,0,0,0,0,0,0,0,0,0,0,0,0,0,0,0,0,0,0,0
PTPRO,0,9.17559001401481,0,4.18428029441938,5.6284819943839,5.18324668009372,0,0,0,0,0,0,0,0,0,0,0,0,0,0,0,0,0,0,2.86282423168434,4.97200020975412,5.3802442162322,0,4.25962744533735,0,0,0,0,0,4.56559717585422,3.66365281228112,0,1.74846123300404,0,0,0,0,0,0,0,0,0,0,0,0,0,0,0,0,2.59063080214182,0,0,1.06350294230616,6.65682157356174,5.17729517114877,6.56453060081634,6.42255894085644,6.78489653520832,6.53278448135929,5.79216004771617,6.42760301860544,6.85492821282557,5.94415566344036,5.91447552179952,5.90802230314437,7.08926508388432,5.71397069243605,6.80415587615906,6.61028665708102,6.33556900555675,6.7314770907511,7.3264294871223,6.01630266722695,6.20613525340459,6.36273287166449,5.7547528677479,5.13668357769724,4.10821676167214,5.23614487642667,6.15275498765585,7.30085587126876,4.87282875953489,4.72191944555154,1.90474838200044,1.34764059757243,1.90100352536601,0.713695814843359,0.53601859038644,3.27500704749987,5.16480086190289,0,3.92124588858559,0,0,0,4.01792190799726,0.743073997206948,5.11103131238874,0,0,0,0,0,0,0,0.516015147003665,0,0,2.63856092344897,0.676266278336448,1.90303827011291,2.79285535236249,0,6.93757979967966,2.75702324650746,0,0,7.87664666642744,6.46792366581486,6.39361394638626,0,0,0,0,0,0,0,0
S100A6,0,0,0,0,0,0,0,0,0,0,0,0,0,3.90785207184596,0,0,0,0,0,0,2.71556575198934,5.00668981314999,0,0,0,3.3304871196454,0,6.20475911357163,3.36097612306346,4.82832692641482,4.26715533250486,0,5.64472154721798,0,5.19534759832222,7.580591589823,5.67834350401224,6.72478667744771,0,0,0,0,0,0,0,0,0,0,0,0,0,0,0,0,0,0,0,0,0,0,0,0,0,0,0,0,0,0,0,0,0,0,0,0,0,0,0,0,0,0,0,0,0,0,0,0,3.34624777408278,0,0,0,0,0,0,0,0,0,0,0,0,0,0,0,0,0,0,0,0,0,0,0,0,0,0,0,0,0,0,0,5.52825874275841,0,0,6.1976433516459,5.96461333449847,0,0,0,0,6.50682045533469,0,5.97011920676087,0,8.43230389489889,8.59548225088961
LYPD1,0,0,7.86567141764843,6.95070169008901,2.91838623444635,0,0,0,0,0,0,0,0,0,0,0,0,0,0,0,0,0,0,0,0,5.68845742804097,5.95803026287655,0,2.61470936341699,0,0,6.18139788230399,4.28095631383106,6.02502836923019,5.38922261635589,5.09738889036719,0,2.20163386116965,8.96641893086815,9.51250345031062,7.54118818925235,6.98438342844799,0,0,4.01435529297707,0,0,0,0,0,5.25012517147182,0,0,0,2.64127920921378,5.8974824681961,8.38292658257124,0,0,0,4.46923479366766,6.91831810628257,6.44575980445338,0,0,3.76590125502687,2.3323495004359,0,0,0,0,5.09000652990382,6.25018752194984,4.81301154860562,0,0,0,0,0,0,0,0,0,1.19423254864158,0,0,5.87011808396593,0,0,0,0,0,0,0,0,0,0,0,0,0,0,0,0,0,0,0,0,0,0,0,0,0,0,0,0,0,0,0,0,0,0,0,3.94698443473355,0,0,0,0,0,0,0,0,0,0
PVRL3,0,0,0.584962500721156,0.516015147003665,0,0.411263109519416,0,0,0,0,1.73552217729654,0.618231001919052,2.21768428275316,0.55581615506164,3.7316518304152,0,3.78135971352466,0,0,0,3.14322805548922,4.05340132499555,4.15211747149609,3.41413489819409,4.78320400349178,5.03957703637742,5.31197338318657,5.52245215026969,5.48155019837437,4.9546616208379,6.22881684384386,7.88199883711959,7.38059093426592,7.92999626484793,7.05950670418946,6.91300897751912,6.07532462601364,6.93934413283448,0,0,0,0,0,0,0,0,0,0,0,0,0,0,0,0,0,0,0,0.632268215499513,0.918204466139869,0,0.454175893185802,0,0.516015147003665,5.17951105027151,5.84995337945499,3.30535003106738,2.14074527320092,0,0.515979870698772,5.32412197984153,7.85168658573342,6.04679660957376,6.77472099960702,5.69181329717138,3.99457972421575,5.87858073018444,5.92576211367192,0,4.33628338786443,1.02146222258692,6.08150652900956,6.18090370917938,4.71724572849984,6.66400328625592,6.74489958792742,7.4032677223393,0,0,0.69615871138938,0,3.46138555054423,0,0,0,0,0,5.95559179175399,6.03143930931934,0.570454753270831,0,0,0,0,0,0,0,0,0,0,0,0,0,0,0,0,0,0,0,3.79597469420667,0,1.04264433740849,0.232334133501722,6.15334324702514,0,0,0,0,0.627538841002725,0,0,0,0,0
HTR1F,0.748052189885366,7.38460631147531,0.963474123974886,7.01256867350306,6.56711948795167,6.64831473714275,7.33328939223643,6.96728390783566,6.4133819213533,6.49672891968099,0,0.227087946592901,1.04961393288743,0,0,3.22758468918335,5.23534412817267,3.82476785314329,0,0,6.08244972463674,6.05103817707993,5.80334450213178,5.68311200463755,5.81672763904028,6.32974846306627,6.39471954618324,5.71712796754857,6.71260475148268,6.11727946005392,0.495695162624069,0,0,0,0,0,4.59264450245404,1.77820857639809,0,5.31650781910311,0.594548549550354,3.36658767427349,6.28532442438015,6.58638875675461,7.04865034292242,6.67806298947692,7.14954390870909,7.21248625005718,7.02291356415954,6.09296850932414,0.584962500721156,5.34191365770348,6.39264018833179,6.12211578605057,5.13924238506536,0,0,0,0,0,0,0,0,0,0,0,0,0,0,7.16324474290431,0,0,0,6.02569327368077,0,0,0,2.04415561794433,6.50112063427539,0,0,5.85996954822103,0,0,0,0,3.87578006306849,4.37920505996061,2.35862708796939,0,5.6559213755587,0,0.347284112504417,1.23878685958712,5.51772281180663,5.02724253597374,6.9609286673117,4.46793154602629,5.72574231559363,0,0,0,0,0,4.11346424203182,5.12142990894896,3.40871186102943,3.44360665147561,0,0.604071323668861,2.55581615506164,0.584930440118896,0.594548549550354,0.570454753270831,0.575312330687437,0,0,0,0,0,0,0,0,0,0,0,0,0,0,0,0,0,0
MASP1,0,0,0,0,0.925999418556223,0,0,0,0,0,0,0,0,0,0,1.23948590251647,2.50589092972996,0,3.22650852980868,3.48155728070859,0,0,0,2.14490248095488,0,0,0,1.26892136066069,0,0,0,0,0,0,0,0,0,0,0,0,0,0,0,1.95781781171516,1.72683121703249,0,0,0,0,1.75274859140713,3.72026351593793,4.87504278206068,0,2.78592788535571,0,4.72027846523333,2.81352468929781,0,0,0,0,0,0,0,0,0,0,0,0,0,0,0,0,0,0,0,0,0,0,0,1.5947857854969,0,4.84545854550569,3.70394912389791,2.40688546600791,1.01435529297707,4.92267359284945,3.611172380044,1.95977015521147,0,0,0,0,3.09085343045111,2.50307718783737,2.86789646399265,1.41142624572647,0.594548549550354,4.67563803281558,4.31179371775365,0,5.60428548411802,4.7371459197762,5.22804904788446,3.6170556777312,4.91312876781974,5.97177344719337,4.81813476081085,2.5046063934026,5.52199295640167,5.80709727493827,6.02388459827204,6.18626283566979,5.27236869420791,5.47505914182897,3.31034012061215,4.38543103719352,0,0,1.95233356636969,0,0,1.29248125036058,0,0,0,0,0,0,0,0,0,0
COX6A2,0,0,0,0,0,0,0,0,0,0,0,0,0,0,0,0,0,0,0,0,0,0,0,0,0,0,0,0,0,0,0,0,0,0,0,0,0,0,0,0,0,0,0,0,0,0,0,0,0,0,0,0,0,0,0,0,0,0,0,0,0,0,0,5.3547342399706,0,0,0,0,0,0,0,8.18313909834452,4.22380819372588,0,4.09929520433777,0,0,8.06637297740493,6.46188866443282,7.19400576938894,1.56526777837809,0,4.95675708460532,0,0,0,0,7.22968404793913,7.93715953850124,8.56861787265128,8.43429435211286,8.88310146011851,8.34640076204126,8.24203080192273,7.39454694099905,7.55604615825717,8.53075745746122,0,0,0,0,0,0,0,0,2.51096191927738,0,0,0,0,0,0,0,0,0,0,0,0,0,0,0,0,0,0,0,0,0,0,0,0,0,0,0
CLIC4,0,0.691471934784495,0,0,0,0,0,0,0,0,0,0,0,0,0,0,0,0,0,0,0,0,0,0,0,0,0,0,0,0,0,0,0,0,0,0,0,0,0,0,0,0,0,0,0,0,0,0,0,0,0,0,0,0,0,0,0,0,0,0,0.594548549550354,0,0,0,0,0,0,0,0,3.65739900910988,6.37138461355796,5.86567141764843,5.5825528616963,0.613531652917927,0,0,0,0,0,0,0,0,6.50913462561398,7.60250808955756,5.31777028044446,5.20476675065461,3.84197311892718,5.62058641045188,2.28161568089748,4.9126364271843,4.21759967754806,4.15461561132689,5.53457408651686,4.46008724011683,4.89200035276562,4.88655014732434,5.17192735435346,0.575312330687437,5.61000744361752,0,3.12101540096137,0.252945464864979,3.24488705912353,1.99638874644762,0,0,0,0,0,0,0,0,2.04264433740849,0,0,0,0,7.92035285541508,4.32337006906127,9.74463204785786,0,0,5.69295885683673,0,0.797560845998086,9.64252107927806,8.94833802693603,7.32262700962306,4.71242074423548,7.77164046115158,0,6.17550956480097,0
UNC5D,0,0,0.992768430768924,0,0,0,6.16047539444615,1.63226821549951,0,0,7.57705110973515,6.11123784695773,6.00469522995395,7.03408362661542,5.93029103416195,8.01283759420571,8.53535314784213,7.95849471647461,7.11696769451173,7.20955084173053,3.75955391153585,4.86089095709363,5.33785363670237,5.71451272987755,6.38952986676652,6.4681734892161,6.5851842872465,7.80658063227279,6.97968230050202,7.19977048401812,9.6335037565344,7.38494010540637,8.4023725783222,7.63360937326169,7.02258974904011,7.39211541514573,7.38674002734038,7.04701481951759,0,0,0.321512479006718,5.74394633858315,0,0,0,0,0.526068811667588,0,0.550892262083466,0,0.200268964791864,0.53605290024021,0,0,0,4.23112515787905,0,0,0,0,0,0,0,0,0,0,0,0,0,0,0,0,0,0,4.90014226035982,0.966937370857678,5.62643913669732,7.61750203572819,7.83213050109593,6.71759967754806,7.49409629068245,0.422233000683048,5.00913382570039,4.78915322615232,0,0,8.12158531874543,6.42071818337442,7.07010863903364,6.32831586652978,5.51331967571238,6.1003469613581,0.589755525135755,6.33467552993465,5.52473282002076,5.48058827023386,7.93469340723396,7.01636259876089,6.74238990202644,0,0,4.73108558057105,7.13113671915845,3.82578562746479,1.88165266690504,4.46858331700683,0,0,0,0.344828496997441,7.172127436878,6.62510867643435,6.92623668441333,0.526068811667588,2.08400006225891,0,0,0,0,0,0,0,0,0,0,0,0.565597175854225,0.227087946592901,0,0,0,0,0
LPPR1,0,0,0,0,0,0,0,0,0,0,0,4.81506156070066,5.14465500036799,4.30085587126876,4.45515646695533,0,0,0,0,0,0,3.39973666022477,0,0,0,0,0,0,0,0,0.490560994897155,0,3.35895882583233,2.30886669444827,0.622930350920177,4.01970081770386,0,0,0,0,0.739615280603168,0,0,0,0,0,0,0,0,0,0.833287411789523,0,0,0,1.38720905205291,0.526068811667588,0,0,0,0,5.57106999816771,6.25411445958865,4.86888427302877,5.73633427697511,6.03869527836951,0,0,0,0,7.38326936644399,8.44489064869709,6.49569516262407,7.31588491701953,5.78659636189081,0,7.95255433445407,6.51491126486135,6.19593540259538,5.63372181264101,4.71231998470962,7.57867028572332,8.20236874277526,8.08048476170341,8.21907390664335,8.46922013848816,8.4825659750017,4.14730669878029,5.09296850932414,4.41039455307285,3.86143449689551,2.49431962342134,4.16188768237689,0,3.31034012061215,4.12335225049022,0,3.40190347160796,0,5.11978816688503,6.39780296186249,5.31143045574974,6.08531824958305,5.68873986801449,4.877744249949,4.49303833798703,5.27015513876653,6.51648798090997,6.95814667376272,6.45145755977,6.20789285164133,5.45516280124451,6.12007721923567,5.54442356218942,5.22881356089527,3.80916631959087,4.75915583380027,0.545968369105293,0,0,0,0,6.17044536946751,2.63638486621826,0,0,0,0,0,0,0,0,0,0
UNC13C,0,0,0,0,0,0,0,0,0,0,0,0,0,0,0,0,0,0,0,0,0,0.526068811667588,0,0,0,0,0,0,0,0,0,0,0,0,0,0,0,0,5.87085786436376,0.55581615506164,6.55035950055992,0,0,0,0,0,0,0,0,0,0,0,0,0,0,0,0,0,0,0,0,0,0,0,0,0,0,0,0,0,0,0,0,0,0,0,0,0,0,0,0,0,0,0,0,0,0,0,0,0,0,0,0,0,0,0,0,0,0,8.08788710093312,5.83162393682075,0.560706665457932,0,0,0,4.67581593117227,7.415657274159,8.36815720409731,8.5092339335378,8.03573386705259,1.03562390973072,6.97696381716028,0,7.6679263190704,5.43990387673701,3.21878116778407,0.632268215499513,0,0,0,7.20525565066976,7.90607994929383,3.05770392770703,0,0,0,0,0,8.10295051378926,0,2.16671544496642,0,6.54467266866236
PCSK5,0,0,5.60673831741759,6.42492208821069,5.88898672118656,6.66738562102513,7.11425111609612,6.73782194014417,6.60376926461713,5.99455452750468,6.14913740122799,4.91212871174341,4.99660832730136,4.44890095114513,5.94215113198666,0.928353440596448,0,1.16992500144231,0,0,2.49819437322381,1.98858499984506,3.48990407411821,2.09927064988274,4.42317613698565,0,2.39205566190482,0,0,0,0,0,0.584962500721156,0,0,0.464516739322928,0.41455944817463,0,7.98618336288137,7.93079646319724,5.03385915018702,4.23984769855941,5.82113733524311,4.24892591847556,0,5.1876440939425,5.58255600301406,4.15137086249856,5.41902797401928,6.26434876335117,8.31951211962588,7.73407885668218,7.07299294785728,7.17580081124191,6.44821553271793,8.04973966269698,7.97200330380836,0,0,0,0,0,0,0.739848102699327,0,0,0,0,0,0,0,0.584962500721156,0.500793046177013,0,0,0,0,0,0,0,0,0,0.871757484025034,0,2.83315106408655,0,6.18269229751619,0,0,0,0,0,0,0,0,0,0,3.59693514238723,0,0,0,0,0,0,1.61297677018253,0,0,0,0,0,0,0,0,6.86248911022579,7.08972800787273,0,0,0,0,0,0,0,0,0,0,0,1.78659636189081,2.51002882617063,0,0,0,0,0
AW112010,0,0,0,0,0,0,0,0,0,0,0,0,0,0,0,0,0,0,0,0,0,0,0,0,0,0,0,0,0,0,0,0,0,0,0,0,0,0,0,0,0,0,0,0,0,0,0,0,0,0,0,0,0,0,0,0,0,0,0,0,0,0,0,0,0,0,0,0,0,0,0,0,0,0,0,0,0,0,0,0,0,0,0,0,0,0,0,0,0,0,0,0,0,0,0,0,0,0,0,0,0,0,0,0,0,0,0,0,0,0,0,0,0,0,0,0,0,0,0,0,0,0,0,0,0,8.1520312708074,7.75528819513671,8.68173451944935,0,0,0,0,0
EXPH5,0,0,0,2.21101219348551,0,0,0,0,0,0,4.6667565918848,0,0,4.3212065669699,0,1.9575500864321,4.75968848842729,5.47638168756724,2.03210084316702,0.545968369105293,3.90399716610289,4.3394936939021,4.1912352816051,4.5062055607647,4.06110313639666,4.97613430900082,4.61347339102155,5.97537444371465,5.76301297877036,5.5579614268932,6.46205075028186,1.75060491220558,5.43562859405209,4.65138479714256,4.96901230751632,5.37695797205649,5.90594844175045,5.48026512205446,0,0,0,0,0,0,1.35049724708413,0,0,0,0,0,0,3.07123531085404,0,0,0,4.03826057517535,0,0,0,0,0,0,0,0,0,0,0,0,0,0,0,0,0,0,0,0,0,0,0,0,0,0,0,0,0,0,0,0,0,0,0,0,0,0,0,0,0,0,0,0,0,0,0,0,0,0,0,0,0,0,0,0,0,0,0,0,0,0,0,0,0,0,0,0,0,0,0,0,0,0,0,0,0
RASL11B,0,0,5.77794567069515,4.7771566660045,4.35825558670513,3.49503949832382,1.53502289408646,0,0,3.10299629936587,6.30979464387458,5.73660396190157,6.27348694877142,5.1106138055009,6.21158369826204,5.8301817816984,6.81659970653491,5.64414469993285,5.37016428054021,4.37642931106992,5.76725703332775,4.72722748438828,5.91061163077391,5.68203448847792,5.71410574917803,6.3118844475329,6.71163245675796,5.83541704839345,6.16640578943748,5.73362549840823,6.82317612929656,6.97347615859021,5.36422222109353,5.32440742867215,5.48960715674871,4.66271041055069,5.10512136636805,5.43362716708478,0,0,0,0,0.423998453277475,6.13103379449245,6.81634370528486,6.0520056184657,6.52042224852645,6.20525524986407,6.3553879698294,6.60258752734256,4.14806899838864,5.69008289282782,5.52825843793822,6.17881132657993,5.49973539868178,3.06177619758669,0,0,0,0,0,0,0,0,0,0,0,0,0,0,0,0,0,0,0,0,0,0,0,0,0,0,0,0,0,0,0,2.84197311892718,4.36594799682829,0.560706665457932,4.01379268102227,3.81147103052984,0,3.77188557851537,4.06023299718555,0,0,1.38404980679516,5.37746266115949,0,0,4.70180684792437,3.83289001416474,1.43295940727611,0,1.46466826700344,3.56437816856506,0,0,0,5.47961860846942,0,4.47378691161437,0,0,0,0,0,0,0,0,0,2.16814169393222,0,0,0,0,0,0,0,0,0,0
RPRML,0,6.99271574831091,7.28752770276465,6.62351574149055,7.1261882105221,6.99527956149001,7.30546886973662,7.38758656581935,7.59377042116091,6.71592055223272,4.23955079661364,7.35864541057091,7.60225105512559,7.09539702279256,7.80154438454187,7.77452061671955,7.53488645761565,7.50985416237699,7.603477988254,7.5197934862411,7.24473700383063,7.39360251689632,7.03666813992406,7.35759806897492,7.02595964325854,7.24365002933399,6.99258888725424,7.50406207663896,7.14761180141184,7.4594316186373,7.11769503892981,7.99638865684435,7.15896306104149,7.27103565169436,7.30615285211144,6.98635399056093,7.54514513194107,7.53013318439181,7.09106507793054,6.61515141786988,7.07745507060077,7.29082651529315,7.3823248900257,7.45103757184355,8.10018924667734,7.80272204922252,7.80909283763592,7.90231473183286,7.58073939054116,7.54504168346746,7.15800191432868,7.00717847472926,7.53016984007691,7.6503897729399,6.07984896275529,6.64371191305668,6.41210404467757,0,0,0,0,0,0,0,0,0,0,0,0,0,0,0,0,0,0,0,0,0,0,0,0,0,0,0,0,0,0,0,0,0,0,0,0,0,0,0,0,0.948600847493356,0,5.31143045574974,4.68257329734758,0,0,0,5.60094310636054,0,4.79285535236249,4.71589337054761,0,0,3.65878273401283,0,0,2.20442724665936,5.65929959164699,6.58571370877816,7.67164720836516,0,0,0,0,0,0,0,0,0,0,0,0,0,0,0,0
NPTX1,4.47863084355486,0,0,0,0,0,0,0,0,0,5.91671548146183,7.27172957526594,4.39635480911512,7.27909980213375,6.60384532688746,6.34147468356016,5.54596836910529,6.90749159334305,6.61028665708102,7.14271975339368,7.4343717564902,7.27569299905355,6.52747509886633,6.80729047864724,5.97498721860498,4.63978126455304,4.13051620257154,6.26415931293209,5.62746091974735,6.13586316536868,6.12319005859061,4.865783067518,6.29829173062012,6.51608541887599,6.62395462859252,6.80542144617176,5.907594928015,6.14220919138924,7.52387555132852,6.2336196767597,6.42800669951079,5.96069478904077,7.05928459675236,7.50931335797348,7.84429776685586,7.65409760073193,8.4237882405893,7.73125113629863,7.71194189294079,7.86517649653178,7.16875732177596,7.54594933348257,7.42184564249281,7.56150641615602,7.40059992026958,7.57455568565992,6.82642137199581,0,0,0,0,0,0,0,0,0,0,0,0,0,0,0,0,0,0,0,0,0,0,0,0,0,0,0,0,0,3.75167794568758,0,3.2017906588054,0,0,0,0,0,0,4.32481060342048,0,0,0,0,0,0,0,0,1.96346938137205,0,0,0,0,0,0,0,0,0,3.05044258215462,0,5.22265002245148,0,0,0,0,0,0,0,0,0,0,0,0,0,0,0,0
TMEM100,0,0,0,0,0,0,0,0,0,0,0,0,0,0,0,0,0,0,0,0,0,0,0,0,0,0,0,0,0,0,0,0,0,0,0,0,0,0,0,0,0,0,0,0,0,0,0,0,0,0,0,0,0,0,0,0,0,0,0,0,0,0,0,0,0,0,0,0,0,0,0,0,0,0,0,0,0,0,0,0,0,0,0,0,0,0,0,0,0,0,0,0,0,0,0,4.57167680997093,0,0,0,0,0,0,0,0,0,0,0,0,0,0,0,0,0,0,0,0,0,0,0,0,7.96017574027754,9.95204430915252,9.50532522983225,0,0,0,7.39077084942262,0,0,7.16038167651969,0,5.48406482103116,8.7251522120163
SERINC2,0,0,0,3.96993327469786,3.78868571061353,3.23340327428247,2.07833178892811,0,0,1.16240530171024,0,0,0,5.28725064325462,0.978028326206202,0,0,4.76606505147495,0,5.04133060682062,5.46052644570423,5.52716174198893,4.92576053254857,3.82472438177609,0.521041979335626,0,0,0,0,1.32768736417605,3.63575439127776,0,0,0,0,5.30778378470137,0,4.25398926623079,0,0,0,0,1.32886572841423,5.4945920028574,5.21761848535105,5.43578923859572,6.22032995487956,5.17791426922997,5.69167367703885,0,0,0,0,0,4.77170927496471,0,0,0,0,0,0,0,0,0,0,0,0,0,0,0,0,0,0,0,0,0,0,0,0,0,0,0,0,0,0,0,0,0,0,0,0,0,0,0,0,0,0,0,0,0,0,0,0,0,0,0,0,0,0,0,0,0,0,0,0,0,0,0,0,0,0,0,0,0,0,0,0,0,0,0,0,0,0
BHLHE40,0,0,8.48566832956305,6.89869207256049,7.46523987393246,7.57330581171961,7.7861392093386,7.74631276642546,8.09692270666739,8.5610286103902,4.4905701304462,0.560640349896365,2.75147078400223,1.64154602908752,0.918366040229568,6.89551186060267,7.08065766334523,5.24526746651951,6.2710894662656,4.87970576628229,5.28186364610763,6.36795339865711,6.11655081973411,6.16872190590799,6.54145871557235,6.07563948946687,6.69585293935149,6.97801857653249,6.54438964818228,6.38577613826941,6.78568117132622,6.41730985827576,6.48058827023386,6.85030425699498,7.7023112328583,7.11013241520741,6.71052138346271,7.66362925881475,0.505890929729957,0,0,0,0,0,3.93262815702213,0,0,1.51007328655589,0,0,0,0,0,0,0,0,0,0,0,0,0,0,0,0,0,0,0,0,0,0,0,0,0,0,4.28909670241999,0.258007573501832,2.64846544302731,0,0,0,0,1.54596836910529,0,3.91258116295229,0,0,0,0,0,0,0,0,0,0,0,0,0,0.495695162624069,0,0,0,5.48167571882985,0,0,0,0,4.51727569320958,3.17632277264046,0.985426827170242,0.632268215499513,0,0,0,0.627599283209845,0,0,2.70265754339091,0,0,0,4.97315203787724,0,0,0,0,0,0,0.268026450120105,0,0,0,0,0
CDH5,0,0,0,0,0,0,0,0,0,0,0,0,0,0,0,0,0,0,0,0,0,0,0,0,0,0,0,0,0,0,0,0,0,0,0,0,0,0,0,0,0,0,0,0,0,0,0,0,0,0,0,0,0,0,0,0,0,0,0,0,0,0,0,0,0,0,0,0,0,0,0,0,0,0,0,0,0,0,0,0,0,0,0,0,0,0,0,0,0,0,0,0,0,0,0,0,0,0,0,0,0,0,0,0,0,0,0,0,0,0,0,0,0,0,0,0,0,0,0,0,0,0,0,0,0,6.50874555424447,8.09407768567191,6.668583584782,0,0,0,4.10598380205007,0
ITPKA,0,0,6.80102928380819,6.85012431429571,7.22042669888904,7.61942031222144,7.83301636102687,8.17297747817094,8.20202528229417,7.92996602880033,7.26416107128808,7.6793323098262,8.03625519970466,7.93916779658285,7.83192955432839,7.94952359588576,7.77676200178623,7.91396646559834,8.00382707811148,7.61397358738023,8.21679233916851,8.44573814312774,8.53311492549656,8.52425731547997,8.71578933149203,8.39585540863948,8.68050014691156,8.01577908759798,8.13244336985511,8.32080054888164,7.39669023594276,8.77806672514682,8.68373153887604,8.8162312678976,8.9847317445354,8.77142726108137,8.50618845832515,9.05398016818765,5.66902676550963,0.55581615506164,5.13090736898491,5.15208643526437,7.27455726146105,7.46470703629125,7.57357145348239,7.1636491277163,6.05115454987851,7.31038540664294,7.44571711723075,5.57440430902258,5.07787929573397,4.91934008244201,6.49902094667425,5.6883199239571,1.40470722211795,0.505890929729957,0,0,0,0,0,0,0,0,0,0,0,0,0,0,0,0,0,0,0,0,0,0,0,0,0,0,0,0,0,0,0,0,0,0,0,0,0,0,0,0,0,0,0,0,0,0,0,0,0,0,0,0,0,0,0,0,0,0,0,0,0,0,0,0,0,0,0,0,0,0,0,0,0,0,0,0,0
NXPH3,0,0,1.59931779369823,0,0,0,0.985482030225288,0,0,2.36019396100487,0,0,0,0,0,0,0,0,0,0,0,0,1.19849072974593,0.263034405833794,1.37268321329058,0,0,0,0,0,0,0,0,0,0,0,0,0,6.57364718749332,6.36176835941915,6.23381092581489,5.97061767130624,5.16384727444721,4.97763838176003,4.76871365703049,5.20496125687375,4.47832471148503,5.07550725435655,4.90615653165488,5.89068987768527,6.15740370975666,6.25896559249499,5.67425924177159,6.11518053426154,6.58765841628995,6.33467552993465,6.72027846523333,0,0,0,0,0,0,0,0,0,0,0,0,0,0,0,0,0,0,0,0,0,0,0,0,0,0,3.91639565003716,0,0,0,0,0,0,0,0,0,0,0,1.22032995487956,0,0,0,0,0,0,0,0,0,0,0,0,0,0,0,0,0,0,0,0,0,0,0,0,0,0,0,0,0,0,0,0,0,0,0,0,0
CORO6,0,0,5.03165985430805,5.82400405093315,5.39814511650441,4.41108686821697,4.54839394014794,3.80838505065609,5.19846804604334,5.74996807616651,0,0,0,0,0,0,0,0,0,0,0,0,0.55581615506164,0,2.33485356079481,0,0.989134430536905,0,0,0,0,0,0,0,0,0,0,0,4.53729606709084,4.98048235553826,5.06307086892516,5.43795026159905,2.58706336871046,0,0,0,0,0,0,0,0,0,0,0,3.16913643161352,0,1.40053792958373,0,0,0,0,0,0,0,0,0,0,0,0,0,0,0,0,0,0,1.70292131913541,0,3.41032691228533,6.11124002053246,3.55448643853089,6.21202211078687,1.94860084749336,0,0,0,0,3.71699089440494,3.95791459863299,4.9490601792452,5.6441373162502,6.17722010202162,6.65535182861255,5.53118297570223,6.41869594960205,5.62424696052979,1.62760683812965,5.0866139474095,4.45220004940622,0,0,0,3.12452922334699,4.30231905094883,4.28095631383106,5.34854798626022,5.67750824226472,2.52105073690096,0,3.49416510868047,5.36527259976453,2.05311133645956,4.65193945144334,4.80580834870147,4.33723385680376,4.83916679059412,1.86393845042397,5.22650852980868,0,0,0,0,0,0,0,0,0,0,0,0,0,0,0,0
PPP1R14A,0,0,0,0,0,0,0,0,0,0,0,0,0,0,0,0,0,0,0,0,0,0,0,0,0,0,0,0,0,0,0,0,0,0,0,0,0,0,0,0,0,0,0,0,0,0,0,0,0,0,0,0,0,0,0,0,0,0,0,0,0,0,0,0,0,0,0,0,0,0,0,0,0,0,0,0,0,0,0,0,0,0,0,0,0,0,0,0,0,0,0,0,0,0,0,0,0,0,0,0,0,0,0,0,0,0,0,0,0,0,0,0,0,0,0,0,0,9.54978466794786,0,9.04600532174083,0,0,0,0,0,0,0,0,8.1180904389982,8.41738596615986,0,0,0
SATB2,0,0,7.45820152473794,5.45746296464855,7.43412778418803,6.88889587809915,4.60436421211095,5.81864608282254,6.27360905690748,6.52324964827666,7.69013769298664,7.48828189166294,7.38944800633406,7.51790555352995,7.37838244160373,7.07995619245192,7.52277766952458,7.32562027234505,7.24355484277846,7.43070343333574,7.15197090770111,7.18229453260659,6.66227657860206,6.93225911987462,6.54348938384287,6.77359943942696,6.59730648890445,7.25096137455263,6.94274849409079,7.17032569441556,7.95466088828115,6.82470237564313,7.04734207256218,6.98765477605689,6.70666868217975,6.96468528228436,7.19942365422632,6.80619514749932,5.36071542539293,5.85474373899554,7.46437446355647,4.08147961546577,6.49446828421236,7.24678804381058,5.63517394667492,5.5167521098391,5.87208998933479,3.8806735566115,5.48445951340207,6.96185480763616,7.34741854127279,7.0455166250587,7.03676651185582,6.77383904280898,7.57877950847358,7.67673284608893,7.78122855346812,0,0,0,0,0,0,0,0,0,0,0,0,0,0,0,0,0,0,0,0,0,0,0,0,0,0,0,0,0,0,0,0,0,0,0,0,0,0,0,0,0,0.952810232516541,0,0,0,0,0,0,0,0,0,0,0,0,0,0,0,0,0,0,0,0,0,0,0,0,0,0,0,0,0.48003341145788,0,0,0,0,0
GRASP,0,0,1.58496250072116,3.28540221886225,3.88752527074159,4.04460075681711,4.76469380226702,4.65992455840238,4.57674434933282,4.71259567552198,4.3327079336406,3.70590631507626,5.52124187164681,4.76606505147495,6.15600503529989,4.04373142062517,5.37121034345557,5.40565206128037,1.99276843076892,4.11769504266975,5.18010794523353,5.46277195352434,5.20847791244387,4.17387024973965,4.94672714382116,5.56468250174487,5.64989869960268,5.11914743050764,4.88823888834129,5.09508049190141,5.05330620171346,7.95811407332929,5.85947266685194,5.3798888028223,5.47864829453918,6.00001496921461,5.18158049997516,5.88337643667284,0,0,0,0,2.10386444985371,3.79334259590494,3.42223300068305,3.4351792771034,4.65592421308382,4.22612309163737,4.79723322009529,0.970853654340484,1.73767216857131,0,3.51579464178988,1.65141540672691,4.32199066907064,0,0,0,0,0,0,0,0,0,0,0,0,0,0,0,0,0,0,0,0,0,0,0,0,0,0,0,0,0,0,0,0,0,0,0,0,0,0,0,0,0,0,0,0,0,0,0,0,0,0,0,0,0,0,0,0,0,0,0,0,0,0,0,0,0,0,0,1.83167230968304,0,0,7.01323891511367,0,0,0,0,0,0,0
EXTL1,0,0,3.14567745519564,4.66562016406638,4.63284983011771,4.92452307095944,5.29497310439842,5.65878273401283,5.37781280458245,5.4625266147727,5.74200621086674,5.86702178734525,5.17218768246575,5.85598969730848,5.24620751840923,5.34814525873592,5.22342254993494,5.3212065669699,5.34020617991171,5.48992821940518,5.45005059588254,5.9583993459748,5.19298268479745,5.12617577650498,4.94952405390743,4.54039877277209,4.38128071502445,5.1360681809412,4.38541452301625,4.87676249078156,4.69013441862495,4.94668717321914,5.38474058729238,5.69168045481498,5.80709727493827,5.71734590661394,5.41493484612486,5.79285535236249,5.19613488076516,4.89433274227769,4.62964448340751,4.14607199430025,5.86953891041437,5.93292287978413,5.78319470337615,5.54779609111501,5.35684807923652,5.52632477834807,5.45035794528217,4.78868571061353,3.87478858623,3.62869392134633,4.72642279174528,4.70264892650791,3.48596832458007,3.05831649559082,3.75381844317354,0,0,0,0,0,0,0,0,0,0,0,0,0,0,0,0,0,0,0,0,0,0,0,0,0,3.15690680083139,0,0,0,0,2.60169651648096,0.646096386950946,0,0,1.07724299893246,0,2.85399564717639,2.17278334766509,0,0,0,0,0,0,1.40227462264724,2.41142624572647,1.68257329734758,0,1.41683974191283,0.422233000683048,0,0,0,2.7158933705476,0.560706665457932,0.871843648509318,0,0,0,1.76977173924945,0,0,0,0,0,0,0,0,0,0,0,0,0,0,0,0
RXFP3,0,0,0,0,0,0,0,0,0,0,0,0,0,0,0,0,0,0,0,0,0,0,0,0,0,0,0,0,0,0,0,0,0,0,0,0,0,0,0,0,0,0,0,0,0,0,0,0,0,0,0,0,0,0,0,0,0,0,0,0,0,0,0,0,0,0,0,0,0,0,0,0,0,0,0,0,0,0,0,0,0,0,0,0,0,0,0,0,0,0,0,0,0,0,0,0,0,6.24716800037477,0,0,0,0,0,0,6.30943083223129,4.72191944555154,0,6.54504168346746,0,0,0,0,0,5.11204124590356,6.97164316014989,0,5.59365255839793,0,0,0,0,0,0,0,0,0,0,0,0,0,0,0,0
PTHLH,0,0,0,0,0,0,0,0,0,0,0,0,0,0,0,0,0,0,0,0,0,0,0,0,0,0,0,0,0,0,0,0,0,0,0,0,0,0,0,0,0,0,0,0,0,0,0,0,0,0,0,0,0,0,0,0,0,0,0,8.3299166026462,7.76990394498066,5.75685328852744,8.1258267169442,9.81930094941679,7.41587571286012,8.1665766791079,9.14026688428945,9.04116630635076,8.56709913896314,5.14100209384298,0,7.97848166870967,5.23583923276607,9.126317293423,0,0,0,0,0,0,0,0,0,0,0,0,0,0,4.16519494227794,5.45087675307957,4.69646618463669,6.69251089161507,5.65962010366352,2.05658352836637,0,0,9.81963625380883,0,0,0,0,0,0,0,0,0,0,0,0,0,0,0,0,0,0,0,0,0,0,0,0,0,0,0,0,0,0,0,0,0,0,0,0
SP8,0,4.82423272151366,0,0,0,0,0,0,0,0,0,0,0,0,0,0,0,0,0,0,0,0,0,0,0,0,0,0,0,0,0,0,0,0,0,0,0,0,0,0,0,0,0,0,0,0,0,0,0,0,0,0,0,0,0,0,0,0,0,0,0,0,1.0703893278914,5.06651978142975,5.52663680168334,0,1.3248077295317,0,0,5.94970557757596,4.0071955014042,4.89627184880738,4.3193631169712,2.95233356636969,0,3.52190846294785,2.96716860753263,0,2.799087306074,0,5.31069335412392,5.92195991732617,5.02480639963207,2.2659246428756,5.09965704007943,3.48800077083407,0,0,0,0,0,0,0,0,0,0,0,0,0,0,0,0,0,0,0,0,0,0,0,0,0,0,0,0,0,0,0,0,0,0,0,0,0,0,0,0,0,0,0,0,0,0,0
